Track URI,Track Name,Album Name,Artist Name(s),Release Date,Duration (ms),Popularity,Explicit,Added By,Added At,Genres,Record Label,Danceability,Energy,Key,Loudness,Mode,Speechiness,Acousticness,Instrumentalness,Liveness,Valence,Tempo,Time Signature
spotify:track:4i0HNuFEH6P6K4UnsY5uUh,"Blue Valentine","Blue Valentine","NMIXX",2025-10-13,186000,74,false,1217054613,2025-12-29T23:44:44Z,"k-pop","Republic Records - NMIXX",0.592,0.857,9,-3.967,1,0.345,0.161,0,0.0884,0.544,159.436,4
spotify:track:5hcfx0GaIpU5cLiiN2l8mX,"Papillon","Fe3O4: FORWARD","NMIXX",2025-03-17,158040,60,false,1217054613,2025-12-29T23:44:35Z,"k-pop","Republic Records - NMIXX",0.558,0.79,0,-4.34,1,0.0453,0.0191,0.0000512,0.0718,0.577,151.993,4
spotify:track:5o4U0weUIAXolji4sEAnjI,"Ash","HOT","LE SSERAFIM",2025-03-14,197853,67,false,1217054613,2025-12-29T23:44:30Z,"k-pop","SOURCE MUSIC",0.695,0.87,0,-5.21,0,0.0389,0.323,0.00136,0.114,0.33,111.986,4
spotify:track:3yGt3kgfeNIrILkgDXugWn,"THUNDER","CIX 7th EP Album 'THUNDER FEVER'","CIX",2025-01-23,209306,42,false,1217054613,2025-12-29T23:44:10Z,"k-pop","C9 Entertainment",0.688,0.875,7,-3.14,1,0.0592,0.0127,0,0.0743,0.731,121.899,4
spotify:track:7t4Z19BqZ23ExgdiOP0nf6,"LIKE YOU BETTER","From Our 20's","fromis_9",2025-06-25,185026,59,false,1217054613,2025-12-29T23:43:52Z,"k-pop,bubblegum pop","ASND ENTERTAINMENT CO., LTD",0.678,0.943,6,-2.746,1,0.162,0.0123,0,0.633,0.456,128.955,4
spotify:track:1CPZ5BxNNd0n0nF4Orb9JS,"Golden","KPop Demon Hunters (Soundtrack from the Netflix Film)","HUNTR/X;EJAE;AUDREY NUNA;REI AMI;KPop Demon Hunters Cast",2025-06-20,194607,96,false,1217054613,2025-12-29T23:43:43Z,"k-pop","K-Pop Demon Hunters",0.651,0.686,4,-4.371,0,0.0616,0.0966,0,0.185,0.104,122.715,3
spotify:track:68UrZQUuO3O6eUiD226xHg,"The Chase","The Chase","Hearts2Hearts",2025-02-24,178900,76,false,1217054613,2025-12-29T23:43:33Z,"k-pop","SM Entertainment",0.711,0.734,2,-4.743,1,0.0335,0.161,0.0015,0.0843,0.143,125.946,4
spotify:track:2l2pKMAYOnoc9KcHPwiUCk,"Icarus","<Club Icarus>","ARTMS",2025-06-13,173306,55,false,1217054613,2025-12-29T23:43:19Z,"k-pop","MODHAUS",0.604,0.773,9,-3.493,0,0.0298,0.315,0,0.0655,0.543,103.987,4
spotify:track:63j1HWrXmSk1zK7IZYQepo,"STUNNER","STUNNER - The 2nd Mini Album","TEN",2025-03-24,214440,68,false,1217054613,2025-12-29T23:43:12Z,"k-pop","SM Entertainment",0.554,0.806,1,-5.075,1,0.111,0.00637,0,0.0509,0.566,188.025,4
spotify:track:1W6L8HNg31ufhNVuTmTsH3,"VVV","Unexpected","THE BOYZ",2025-03-17,235493,44,false,1217054613,2025-12-29T23:43:06Z,"k-pop,noise music","One Hundred Label",0.696,0.904,1,-3.735,1,0.0481,0.153,0,0.332,0.814,125.994,4
spotify:track:2tVhQGh2RBes4ucWS4bcqz,"High Horse","Fe3O4: FORWARD","NMIXX",2025-03-17,203213,52,false,1217054613,2025-12-29T23:42:49Z,"k-pop","Republic Records - NMIXX",0.423,0.793,10,-4.099,1,0.0666,0.02,0.00000418,0.111,0.107,191.926,4
spotify:track:5RdKO1lsHG9jhbG03LL7cv,"With the Clouds","Echo","Jin",2025-05-16,188897,66,false,1217054613,2025-12-29T23:41:43Z,"k-pop","BIGHIT MUSIC",0.264,0.868,11,-5.536,1,0.0637,0.00294,0.000117,0.368,0.308,101.886,4
spotify:track:2chbuybiy6aDDBC985tJcP,"ZEN","Ruby","JENNIE",2025-03-07,201446,76,true,1217054613,2025-12-29T23:42:33Z,"k-pop","OA Entertainment/Columbia",0.685,0.753,6,-7.965,0,0.0516,0.0157,0.00292,0.253,0.205,107.984,4
spotify:track:3cLXrotzCjYCkN73PewALM,"Good Goodbye","Good Goodbye","HWASA",2025-10-15,223000,79,false,1217054613,2025-12-29T23:40:05Z,"k-pop","P NATION",0.655,0.59,1,-4.8,0,0.0419,0.295,0,0.165,0.796,99.564,4
spotify:track:1tO6hb9Ym7aTV8hJ31tLjr,"oops!","bomb","ILLIT",2025-06-16,161491,66,false,1217054613,2025-12-29T23:41:56Z,"k-pop","BELIFT LAB",0.88,0.781,11,-5.107,0,0.0659,0.0164,0.0000261,0.15,0.762,115.971,4
spotify:track:5EoV2HmAlkqN1XvsIjOBZZ,"STYLE","STYLE","Hearts2Hearts",2025-06-18,209671,78,false,1217054613,2025-12-29T23:42:18Z,"k-pop","SM Entertainment",0.777,0.839,5,-3.43,1,0.063,0.282,0.00000216,0.152,0.676,127.003,4
spotify:track:6Ts5zvNORCcfLG7K5etvuA,"DUH!","DUH!","P1Harmony",2025-05-08,185440,65,false,1217054613,2025-12-29T23:41:28Z,"k-pop,noise music","FNC ENTERTAINMENT",0.795,0.733,11,-2.92,0,0.0442,0.00215,0,0.059,0.701,103.031,4
spotify:track:6m3fH6RdY6L5HmLQF10A2y,"1,2,3,4","My Name Is…","SAY MY NAME",2025-03-13,219333,44,false,1217054613,2025-12-29T23:40:56Z,"k-pop","WM Korea",0.735,0.857,5,-3.086,0,0.0737,0.138,0,0.132,0.599,130.004,4
spotify:track:2BoGqSfsf9z5T1exqHtW54,"Wait On Me","Wait On Me - The 4th Mini Album","KAI",2025-04-21,193053,63,false,1217054613,2025-12-29T23:40:39Z,"k-pop","SM Entertainment",0.705,0.865,10,-5.721,0,0.0467,0.0315,0.0159,0.297,0.356,97.486,4
spotify:track:10zywlg5b0gQOC3q1A7ADx,"earthquake","AMORTAGE","JISOO",2025-02-14,190806,75,false,1217054613,2025-12-29T23:40:25Z,"k-pop","Warner Records",0.776,0.808,11,-4.652,0,0.056,0.00272,0,0.135,0.605,127.058,4
spotify:track:0J92BX2A6XcG2ZbWAxtk1x,"Only cry in the rain","Only cry in the rain","CHUU",2025-04-21,184466,55,false,1217054613,2025-12-29T23:39:50Z,"k-pop","ATRP",0.775,0.908,0,-4.389,0,0.0732,0.0505,0.0000031,0.0892,0.954,152.974,4
spotify:track:6HSns0qPQQfgekCrBF0Dkf,"Air","AIR","YEJI",2025-03-10,194800,62,false,1217054613,2025-12-29T23:39:36Z,"k-pop","Republic Records – YEJI (ITZY)",0.808,0.594,1,-5.525,1,0.0388,0.0165,0.00000253,0.0801,0.477,121.981,4
spotify:track:1qmcc6IRvBdhmqhLhSaJoo,"Background","Echo","Jin",2025-05-16,175665,69,false,1217054613,2025-12-29T23:39:09Z,"k-pop","BIGHIT MUSIC",0.498,0.787,1,-5.372,1,0.0544,0.0543,0,0.102,0.26,128.003,4
spotify:track:5MaPzLp2vwSqu8YyUZ4zR7,"little monster","bomb","ILLIT",2025-06-16,149395,64,false,1217054613,2025-12-29T23:38:51Z,"k-pop","BELIFT LAB",0.741,0.76,7,-5.519,0,0.0328,0.194,0.000865,0.137,0.588,128.015,4
spotify:track:14nP0U50fCX3F3PjSgE4lb,"Beautiful Life","Beautiful Mind","Xdinary Heroes",2025-03-24,265440,53,false,1217054613,2025-12-29T23:38:36Z,"k-rock,k-pop,noise music","Republic Records - Xdinary Heroes",0.403,0.792,2,-11.37,1,0.0474,0.00133,0,0.332,0.213,94.174,4
spotify:track:49oOgXKqm6xTavBtekzVHg,"ATTITUDE","IVE EMPATHY","IVE",2025-02-03,194733,70,false,1217054613,2025-12-29T23:38:13Z,"k-pop","Starship Entertainment",0.81,0.842,1,-4.717,1,0.0851,0.0841,0,0.0532,0.533,117.986,4
spotify:track:0fK7ie6XwGxQTIkpFoWkd1,"like JENNIE","Ruby","JENNIE",2025-03-07,123517,89,true,1217054613,2025-12-29T23:37:31Z,"k-pop","OA Entertainment/Columbia",0.811,0.743,10,-5.321,0,0.0611,0.281,0.00671,0.0868,0.815,130.019,4
spotify:track:5iXD5rOKV99XGtkaiucHpM,"BEBE","S","STAYC",2025-03-18,179391,55,false,1217054613,2025-12-29T23:37:21Z,"k-pop","High Up Entertainment",0.749,0.892,10,-3.82,0,0.0721,0.311,0,0.14,0.77,125.016,4
spotify:track:7JSBM7BSHafBx7RwV5waxR,"ShaLala","My Name Is…","SAY MY NAME",2025-03-13,180484,53,false,1217054613,2025-12-29T23:37:59Z,"k-pop","WM Korea",0.792,0.797,1,-4.79,0,0.049,0.491,0,0.495,0.905,107.02,4
spotify:track:3rAcN3CLeSrkhIZN8PHbwb,"What You Want","What You Want","CORTIS",2025-08-18,194093,76,false,1217054613,2026-03-26T21:25:52Z,"k-pop","Republic Records – CORTIS",0.568,0.614,4,-5.356,1,0.205,0.00738,0,0.0906,0.591,170.932,4
spotify:track:38pEX03GFZ0PfFDaOrpKOM,"Bad Desire (With or Without You)","DESIRE : UNLEASH","ENHYPEN",2025-06-05,141885,75,false,1217054613,2025-12-29T23:33:50Z,"k-pop","BELIFT LAB",0.626,0.725,0,-4.866,0,0.105,0.234,0,0.12,0.665,155.877,4
spotify:track:0ofqcEBPdlyczRjUhjCiIS,"CBZ (Prime time)","BSS 2nd Single Album ‘TELEPARTY’","BSS",2025-01-08,153013,62,false,1217054613,2025-12-29T23:36:13Z,"k-pop","PLEDIS Entertainment",0.911,0.738,2,-3.986,1,0.059,0.0204,0,0.0734,0.692,110.032,4
spotify:track:5PclMa9Pxs1OFWSAS6Nid9,"I DO ME","I DO ME","KiiiKiii",2025-02-24,190556,66,false,1217054613,2025-12-29T23:35:47Z,"k-pop","Starship Entertainment",0.677,0.632,1,-6.533,1,0.0369,0.0886,0,0.141,0.566,96.971,4
spotify:track:4qzV2qURSJBVV9d7BkMx4g,"REBEL HEART","IVE EMPATHY","IVE",2025-02-03,188266,51,false,1217054613,2025-12-29T23:36:00Z,"k-pop","Starship Entertainment",0.677,0.777,7,-4.811,1,0.07,0.0178,0,0.0744,0.531,128.014,4
spotify:track:6jl91VgNuRjpwO0MJQw29F,"Vivid LaLa Love","EROS","LEE CHANHYUK",2025-07-14,240081,49,false,1217054613,2025-12-29T23:35:15Z,"k-ballad","YG Entertainment",0.647,0.734,2,-6.6,0,0.0523,0.0211,0.00145,0.101,0.849,169.923,4
spotify:track:54zyXasoWKZAYt43c8GQvd,"Snowy Summer","Snowy Summer","CLOSE YOUR EYES",2025-07-09,177013,52,false,1217054613,2025-12-29T23:41:13Z,"k-pop","uncore",0.798,0.699,0,-3.8,1,0.0527,0.11,0,0.142,0.658,110.017,4
spotify:track:0PYJrdwnsSDtk3G76yV1dj,"STRESS","Alivio","CHUNG HA",2025-02-12,204400,51,false,1217054613,2025-12-29T23:35:26Z,"k-pop","MORE VISION",0.7,0.844,8,-3.12,1,0.0432,0.16,0,0.187,0.681,119.953,4
spotify:track:3wBeIjb0vtiTwIQPce2stZ,"Love Language","Love Language","TOMORROW X TOGETHER",2025-05-02,177514,72,false,1217054613,2025-12-29T23:34:44Z,"k-pop","Republic Records - TXT",0.742,0.858,1,-4.444,1,0.0456,0.0415,0.0000237,0.0997,0.337,118.003,4
spotify:track:6nabHsqIYAKS6Nnfuqauw9,"Baby, Not Baby","Accidentally On Purpose - The 2nd Mini Album","SEULGI",2025-03-10,193040,55,false,1217054613,2025-12-29T23:34:55Z,"k-pop","SM Entertainment",0.633,0.893,10,-3.821,0,0.0686,0.0291,0.00000161,0.0775,0.877,100.048,4
spotify:track:5YR199TRrcmxY39l43ovI1,"BLUE","BLUE PARADISE","ZEROBASEONE",2025-02-24,182951,54,false,1217054613,2025-12-29T23:34:29Z,"k-pop","CJ ENM",0.686,0.732,5,-5.443,1,0.0776,0.329,0,0.0741,0.498,124.001,4
spotify:track:5vNRhkKd0yEAg8suGBpjeY,"APT.","APT.","ROSÉ;Bruno Mars",2024-10-18,169917,88,false,1217054613,2025-02-04T19:13:45Z,"k-pop","Atlantic Records",0.777,0.783,0,-4.477,0,0.26,0.0283,0,0.355,0.939,149.027,4
spotify:track:0V2passWyAXnON67kfAj7y,"ABCD","NA","NAYEON",2024-06-14,162840,70,false,1217054613,2025-02-05T09:23:35Z,"k-pop","Republic Records – NAYEON (TWICE)",0.682,0.926,3,-2.515,0,0.0607,0.0404,0,0.19,0.86,105.969,4
spotify:track:1aKvZDoLGkNMxoRYgkckZG,"Magnetic","SUPER REAL ME","ILLIT",2024-03-25,160688,83,false,1217054613,2025-02-05T09:22:47Z,"k-pop","BELIFT LAB",0.797,0.668,6,-5.819,1,0.0687,0.257,0,0.0876,0.69,131.067,4
spotify:track:1PT8hWQvl2gRO1JhDcSUqN,"Come back to me","Come back to me","RM",2024-05-10,388960,54,false,1217054613,2025-02-05T09:22:19Z,"k-pop,k-rap","BIGHIT MUSIC",0.623,0.462,4,-7.82,0,0.0326,0.397,0.0115,0.0492,0.344,73.007,4
spotify:track:58b0gBwBVjQfbbCU4xIvoy,"Supernova","Supernova","aespa",2024-05-13,178880,59,false,1217054613,2025-02-05T09:21:40Z,"k-pop","aespa",0.744,0.747,11,-4.281,0,0.0824,0.00691,0.00000203,0.0739,0.368,120.077,4
spotify:track:2RoYgkPzUY0vY7lhUuyus1,"DASH","Fe3O4: BREAK","NMIXX",2024-01-15,166979,64,false,1217054613,2025-02-05T09:21:00Z,"k-pop","Republic Records - NMIXX",0.645,0.83,5,-1.92,0,0.138,0.0843,0,0.0605,0.725,179.977,4
spotify:track:2E7qG81LXdZEfobhcrVm06,"Killin' It","Killin' It","P1Harmony",2024-02-05,176133,65,false,1217054613,2025-02-05T09:20:17Z,"k-pop,noise music","FNC ENTERTAINMENT",0.717,0.855,6,-2.758,1,0.0716,0.0498,0,0.0259,0.913,90.006,4
spotify:track:19D8LNpWwIPpi6hs9BG7dq,"Bubble Gum","How Sweet","NewJeans",2024-05-24,200266,72,false,1217054613,2025-02-05T09:19:34Z,"k-pop","ADOR",0.758,0.709,9,-3.589,1,0.0447,0.138,0,0.0765,0.529,105.005,4
spotify:track:3AoEQRuFf8zVXWqSLo2UOi,"CRAZY","CRAZY","LE SSERAFIM",2024-08-30,164554,73,false,1217054613,2025-02-05T09:19:07Z,"k-pop","SOURCE MUSIC",0.802,0.899,11,-2.223,0,0.126,0.00953,0.000291,0.101,0.531,130.047,4
spotify:track:1b6qYBwDMBpFylGVT4PRgD,"Heart on the Window (with WENDY)","Happy","Jin;WENDY",2024-11-15,177093,62,false,1217054613,2025-02-05T09:18:16Z,"k-pop,k-ballad","BIGHIT MUSIC",0.615,0.865,11,-6.114,0,0.0522,0.0536,0,0.738,0.52,145.999,4
spotify:track:1BAtAtx0VgWgAMROWK9WYf,"Accendio","IVE SWITCH","IVE",2024-04-29,192013,62,false,1217054613,2025-02-05T09:17:37Z,"k-pop","Starship Entertainment",0.759,0.875,0,-3.942,0,0.0646,0.0493,0,0.0997,0.662,140.011,4
spotify:track:35dhwUoJNlxrPyEIJkfDnx,"I GOT YOU","I GOT YOU","TWICE",2024-02-02,173240,64,false,1217054613,2025-02-05T09:16:30Z,"k-pop","Republic Records - TWICE",0.52,0.805,8,-3.706,1,0.0551,0.0451,0,0.0935,0.496,176.103,4
spotify:track:3aAnwyBJY9OLNLqSgd4fZU,"Deja Vu","minisode 3: TOMORROW","TOMORROW X TOGETHER",2024-04-01,171427,71,false,1217054613,2025-02-05T09:14:58Z,"k-pop","Republic Records - TXT",0.357,0.572,5,-5.339,0,0.069,0.0811,0,0.145,0.238,162.844,4
spotify:track:3ivdlmTbUSv5JN9W8Tk9V1,"Brought The Heat Back","ROMANCE : UNTOLD","ENHYPEN",2024-07-12,176424,74,false,1217054613,2025-02-05T09:14:18Z,"k-pop","BELIFT LAB",0.775,0.871,11,-3.58,0,0.0436,0.0109,0,0.552,0.896,121.952,4
spotify:track:0WB00P7RnB46lQVjIDhYiV,"Gravity","Love Tune","FIFTY FIFTY",2024-09-20,177090,55,false,1217054613,2025-02-05T09:13:32Z,"k-pop","ATTRAKT",0.548,0.794,1,-5.34,1,0.0775,0.0233,0.0000043,0.208,0.679,165.043,4
spotify:track:1WV46UVrf9vLj9rpl6Ebf1,"remembrance candy","Of All We Have Lost","Billlie",2024-10-16,184038,37,false,1217054613,2025-02-05T09:12:45Z,"k-pop","MYSTIC STORY",0.647,0.883,6,-2.614,0,0.0362,0.0814,0,0.355,0.86,96.073,4
spotify:track:7G7mSV4BebkoHWwKTDvXu9,"Winter Ahead (with PARK HYO SHIN)","Winter Ahead (with PARK HYO SHIN)","V;Park Hyo Shin",2024-11-29,234895,80,false,1217054613,2025-02-05T09:12:29Z,"k-pop,k-ballad","BIGHIT MUSIC",0.36,0.316,3,-9.954,1,0.0284,0.858,0.000212,0.23,0.229,76.844,3
spotify:track:06BeeZaS4YArThfTMu80QS,"Imaginary Friend","GOLD","ITZY",2024-10-15,202429,63,false,1217054613,2025-02-04T19:28:18Z,"k-pop","Republic Records - ITZY",0.702,0.869,6,-3.533,0,0.0442,0.206,0,0.11,0.802,134.073,4
spotify:track:49ciDis1ofgszcKXKh0Sqb,"Cosmic","Cosmic","Red Velvet",2024-06-23,225864,39,false,1217054613,2025-02-04T19:27:35Z,"k-pop","Red Velvet",0.72,0.57,1,-4.482,1,0.0515,0.032,0,0.165,0.641,105.958,4
spotify:track:1JNsKjaCFgTxjP3EkKfYZo,"LOOP (feat. Lil Cherry)","LOOP","Yves;Lil Cherry",2024-05-29,163480,63,false,1217054613,2025-02-04T19:26:52Z,"k-pop,k-rap","ADA Korea",0.875,0.526,5,-6.875,0,0.232,0.0736,0.0000766,0.227,0.672,127.976,4
spotify:track:4gOwpU4kMZZNDWkoHYUj1Z,"해야 (HEYA)","IVE SWITCH","IVE",2024-04-29,189680,65,false,1217054613,2025-02-04T19:25:59Z,"k-pop","Starship Entertainment",0.702,0.837,5,-3.447,0,0.0567,0.0297,0,0.227,0.685,91.986,4
spotify:track:0vaxYDAuAO1nPolC6bQp7V,"Midas Touch","Midas Touch","KISS OF LIFE",2024-04-03,162880,67,false,1217054613,2025-02-04T19:25:08Z,"k-pop","S2 ENTERTAINMENT INC.",0.796,0.9,6,-3.049,1,0.052,0.0513,0,0.118,0.854,118.969,4
spotify:track:02H58MSfVESkKyx4diDgu7,"LOST!","Right Place, Wrong Person","RM",2024-05-24,233013,70,true,1217054613,2025-02-04T19:24:26Z,"k-pop,k-rap","BIGHIT MUSIC",0.771,0.68,6,-5.63,1,0.0557,0.216,0.0000388,0.287,0.336,88.011,4
spotify:track:3coRPMnFg2dJcPu5RMloa9,"Whiplash","Whiplash - The 5th Mini Album","aespa",2024-10-21,183226,75,false,1217054613,2025-02-04T19:23:42Z,"k-pop","aespa",0.863,0.9,10,-2.974,0,0.0448,0.0953,0.0212,0.0786,0.748,126.023,4
spotify:track:5zQUndaoBtXJ10SsApqtvw,"Strategy (feat. Megan Thee Stallion)","STRATEGY","TWICE;Megan Thee Stallion",2024-12-06,201760,77,false,1217054613,2025-02-04T19:22:55Z,"k-pop","Republic Records - TWICE",0.8,0.751,2,-2.169,1,0.0669,0.238,0,0.357,0.687,110.043,4
spotify:track:0znsc67nMhP4X9hjhvoyeP,"Tick-Tack","I'LL LIKE YOU","ILLIT",2024-10-21,129468,78,false,1217054613,2025-02-04T19:22:27Z,"k-pop","BELIFT LAB",0.867,0.745,2,-4.159,1,0.0408,0.136,0,0.0773,0.963,130.019,4
spotify:track:4ZUA6yMs1NQDpIxvk6f3qY,"Birth","<Dall>","ARTMS",2024-05-31,162373,45,false,1217054613,2025-02-04T19:21:37Z,"k-pop","MODHAUS",0.363,0.716,7,-6.505,0,0.205,0.359,0,0.302,0.114,169.59,4
spotify:track:4byr9TsXs4qtm8rG2FfwRW,"Run For Roses","Fe3O4: BREAK","NMIXX",2024-01-15,215293,62,false,1217054613,2025-02-04T19:19:08Z,"k-pop","Republic Records - NMIXX",0.671,0.764,11,-4.146,0,0.0408,0.356,0,0.154,0.604,91.994,4
spotify:track:45OflED18VsURGw2z0Y6Cv,"Girls Never Die","<ASSEMBLE24>","tripleS",2024-05-08,187920,64,false,1217054613,2025-02-04T19:18:15Z,"k-pop","MODHAUS",0.667,0.912,11,-2.704,0,0.104,0.154,0,0.351,0.675,95.031,4
spotify:track:09keT5ocFhEd5W5HidiUNq,"Chk Chk Boom","ATE","Stray Kids",2024-07-19,148051,81,false,1217054613,2025-02-04T19:17:33Z,"k-pop,noise music","Republic Records - Stray Kids",0.925,0.74,2,-2.698,1,0.123,0.166,0,0.0521,0.844,101.994,4
spotify:track:2sR1e5YFAvXVN6EiIwR2is,"Nuts","Right Place, Wrong Person","RM",2024-05-24,194666,66,true,1217054613,2025-02-04T19:16:48Z,"k-pop,k-rap","BIGHIT MUSIC",0.749,0.573,8,-7.42,1,0.186,0.166,0.0000682,0.423,0.64,73.994,4
spotify:track:1iGNZerzZHm2GLu7k1OS3J,"Virtual Angel","<Dall>","ARTMS",2024-05-31,173640,57,false,1217054613,2025-02-04T19:16:17Z,"k-pop","MODHAUS",0.568,0.931,0,-3.269,0,0.0826,0.353,0,0.319,0.894,82.937,4
spotify:track:5juCu4WFTFRZ2XilopAMTy,"Bam Yang Gang","Bam Yang Gang","BIBI",2024-02-13,146197,58,false,1217054613,2025-02-04T19:15:35Z,"k-pop,k-rap","FeelGhoodMusic",0.455,0.408,6,-8.72,0,0.0642,0.771,0.0000655,0.0958,0.743,178.047,3
spotify:track:0djkJ3iAARXRCbfbwwVc3o,"Love wins all","Love wins all","IU",2024-01-24,271080,68,false,1217054613,2025-02-04T19:15:11Z,"k-pop,k-ballad","EDAM Entertainment",0.496,0.447,0,-5.878,1,0.0317,0.82,0,0.098,0.315,101.132,4
spotify:track:0F2woEmPkBMafpMCmgKc6a,"BIBORA","Sequence","SF9",2024-01-08,194120,41,false,1217054613,2025-02-04T19:14:24Z,"k-pop","FNC ENTERTAINMENT",0.701,0.918,7,-2.76,0,0.0536,0.0667,0,0.188,0.732,124.965,4
spotify:track:2KslE17cAJNHTsI2MI0jb2,"Standing Next to You","GOLDEN","Jung Kook",2023-11-03,206019,84,false,1217054613,2025-02-05T10:21:13Z,"k-pop","BIGHIT MUSIC",0.711,0.809,2,-4.389,0,0.0955,0.0447,0,0.339,0.816,106.017,4
spotify:track:70t7Q6AYG6ZgTYmJWcnkUM,"I AM","I've IVE","IVE",2023-04-10,183853,75,false,1217054613,2025-02-05T10:20:58Z,"k-pop","Starship Entertainment",0.683,0.875,4,-4.866,0,0.0549,0.0115,0,0.084,0.384,122.002,4
spotify:track:3VqSRkq3jRpsSEBngUcY6a,"Cupid","The Beginning: Cupid","FIFTY FIFTY",2023-02-24,174253,66,false,1217054613,2025-02-05T10:20:28Z,"k-pop","SME Korea Inc.",0.774,0.66,2,-8.2,1,0.0328,0.662,0,0.4,0.961,120.023,4
spotify:track:4QhnNyKDsAkXPwHkSnuc89,"Eve, Psyche & The Bluebeard’s wife","UNFORGIVEN","LE SSERAFIM",2023-05-01,185538,73,false,1217054613,2025-02-05T10:19:54Z,"k-pop","SOURCE MUSIC",0.663,0.872,11,-5.056,1,0.2,0.0153,0,0.0519,0.626,142.951,4
spotify:track:4bjN59DRXFRxBE1g5ne6B1,"Haegeum","D-DAY","Agust D",2023-04-21,168926,87,false,1217054613,2025-02-05T10:18:44Z,"k-pop,k-rap","BIGHIT MUSIC",0.697,0.837,7,-2.651,1,0.304,0.313,0,0.471,0.831,85.097,5
spotify:track:17cciVZC83EP26VENr3J5n,"Howl","Howl","CHUU",2023-10-18,169866,45,false,1217054613,2025-02-05T10:18:07Z,"k-pop","ATRP",0.699,0.826,0,-5.231,1,0.115,0.179,0,0.0942,0.324,101.975,4
spotify:track:65FftemJ1DbbZ45DUfHJXE,"OMG","NewJeans 'OMG'","NewJeans",2023-01-02,212253,80,false,1217054613,2025-02-05T10:17:17Z,"k-pop","ADOR",0.804,0.771,9,-4.067,0,0.0433,0.357,0.00000307,0.108,0.739,126.956,4
spotify:track:18VlcIarBGAEAD9KVt3FmE,"Chill Kill","Chill Kill - The 3rd Album","Red Velvet",2023-11-12,214800,54,false,1217054613,2025-02-05T10:17:04Z,"k-pop","Red Velvet (Chill Kill)",0.531,0.747,0,-3.717,1,0.0946,0.0549,0,0.244,0.434,148.039,4
spotify:track:3Ua0m0YmEjrMi9XErKcNiR,"Like Crazy","FACE","Jimin",2023-03-24,212241,77,false,1217054613,2025-02-05T10:16:27Z,"k-pop","BIGHIT MUSIC",0.629,0.733,7,-5.445,1,0.0419,0.0025,0,0.357,0.362,120.001,4
spotify:track:3AOf6YEpxQ894FmrwI9k96,"Super","SEVENTEEN 10th Mini Album 'FML'","SEVENTEEN",2023-04-24,200386,70,false,1217054613,2025-02-05T10:15:54Z,"k-pop","PLEDIS Entertainment",0.771,0.88,8,-4.091,1,0.0857,0.162,0.00000141,0.167,0.347,137.018,4
spotify:track:7nwmQqZR4RDktRtHTKpytm,"Invincible","EVOLution <⟡>","tripleS",2023-10-11,197386,43,false,1217054613,2025-02-05T10:15:23Z,"k-pop","MODHAUS",0.512,0.938,8,-2.936,1,0.271,0.074,0,0.0819,0.536,170.029,4
spotify:track:6TNx6kHZeVDByUNMVxkAfa,"Off The Record","I'VE MINE","IVE",2023-10-13,188733,55,false,1217054613,2025-02-05T10:14:51Z,"k-pop","Starship Entertainment",0.767,0.745,10,-5.338,1,0.0449,0.101,0,0.192,0.842,107.984,4
spotify:track:0jd4aa9XgV5eom0ez0WBrD,"Perfume","Perfume - The 1st Mini Album","NCT DOJAEJUNG",2023-04-17,167626,62,false,1217054613,2025-02-05T10:14:10Z,"k-pop","SM Entertainment",0.718,0.735,8,-1.728,1,0.0377,0.173,0,0.142,0.699,105.977,4
spotify:track:5wxYxygyHpbgv0EXZuqb9V,"on the street (with J. Cole)","on the street (with J. Cole)","j-hope;J. Cole",2023-03-03,214701,64,true,1217054613,2025-02-05T10:13:34Z,"k-pop,k-rap,rap","BIGHIT MUSIC",0.681,0.821,11,-5.12,0,0.131,0.532,0.00111,0.0921,0.813,94.074,4
spotify:track:1qRfAvzRIJQodWKBNFAb6C,"Smoke (Prod. Dynamicduo, Padi)","Street Woman Fighter2 (SWF2) Class Mission","Dynamicduo;Lee Young Ji",2023-09-05,209546,58,false,1217054613,2025-02-05T10:13:04Z,"k-rap,k-pop","Genie Music Corporation",0.768,0.818,11,-4.057,0,0.328,0.0317,0.00000135,0.0908,0.769,98.015,4
spotify:track:5YSkDxmHvzSDWTu4MaEtfa,"Smoke Sprite (feat. RM of BTS)","Episode1 : Love","So!YoON!;RM",2023-03-14,242200,0,false,1217054613,2025-02-05T10:12:37Z,"k-rock,k-pop,k-rap","MAGIC STRAWBERRY SOUND",0.608,0.692,9,-3.182,0,0.0441,0.151,0,0.173,0.569,131.972,4
spotify:track:7sGf2pzXXjDftDJ4ukbep5,"Untie","The 4th Mini Album 'VERSUS'","VIVIZ",2023-11-02,189413,50,false,1217054613,2025-02-05T10:11:57Z,"k-pop","BIGPLANETMADE",0.619,0.601,7,-4.931,0,0.185,0.0417,0.000025,0.0841,0.645,113.854,4
spotify:track:2pLZ6tUBapqlngc9lnYz4M,"3D (Alternate Ver.)","3D (feat. Jack Harlow)","Jung Kook",2023-09-29,162545,56,false,1217054613,2025-02-05T10:11:31Z,"k-pop","BIGHIT MUSIC",0.865,0.785,1,-3.313,1,0.0483,0.0221,0,0.286,0.836,108.031,4
spotify:track:6nxaMLoDXkG0NlwV46Jnvb,"Top or Cliff","Door","KIMSEJEONG",2023-09-04,221746,47,false,1217054613,2025-02-05T10:10:49Z,"k-ballad","JELLYFISH ENTERTAINMENT",0.505,0.526,1,-4.162,0,0.0684,0.134,0,0.358,0.407,185.959,3
spotify:track:5fj32MKLHkut2Vod1UodcU,"AMYGDALA","D-DAY","Agust D",2023-04-21,251533,69,false,1217054613,2025-02-05T10:10:12Z,"k-pop,k-rap","BIGHIT MUSIC",0.311,0.769,7,-4.637,1,0.0553,0.226,0,0.105,0.16,78.265,4
spotify:track:2avdbiswb0d5AFmyyz68xP,"Blue Blood","I've IVE","IVE",2023-04-10,167546,57,false,1217054613,2025-02-05T09:40:58Z,"k-pop","Starship Entertainment",0.711,0.709,1,-5.923,0,0.0374,0.0041,0.0000991,0.0843,0.695,98.949,4
spotify:track:5KyOUICJIvO0z71MBdPGiX,"BOUNCY (K-HOT CHILLI PEPPERS)","THE WORLD EP.2 : OUTLAW","ATEEZ",2023-06-16,187310,73,false,1217054613,2025-02-05T09:40:22Z,"k-pop,noise music","KQ Entertainment",0.532,0.896,8,-4.356,1,0.184,0.00869,0,0.106,0.479,150.06,4
spotify:track:3SifPlW12FRs8OQP2VkXSi,"STRANGER","STRANGER","SUNMI",2023-10-17,166560,0,false,1217054613,2025-02-05T09:26:19Z,"k-pop","Abyss Company",0.475,0.581,9,-5.194,0,0.1,0.226,0.00000378,0.253,0.419,62.644,5
spotify:track:4uOBL4DDWWVx4RhYKlPbPC,"Queencard","I feel","i-dle",2023-05-15,161240,6,false,1217054613,2025-02-05T09:25:47Z,"k-pop","Cube Entertainment",0.815,0.834,4,-2.828,0,0.0475,0.0327,0.000268,0.27,0.692,129.989,4
spotify:track:7mpdNiaQvygj2rHoxkzMfa,"Bite Me","DARK BLOOD","ENHYPEN",2023-05-22,157531,80,false,1217054613,2025-02-05T09:25:25Z,"k-pop","BELIFT LAB",0.795,0.781,1,-4.647,1,0.141,0.285,0,0.108,0.687,104.972,4
spotify:track:0rhI6gvOeCKA502RdJAbfs,"Sugar Rush Ride","The Name Chapter: TEMPTATION","TOMORROW X TOGETHER",2023-01-27,186570,68,false,1217054613,2025-04-14T17:47:12Z,"k-pop","Republic Records - TXT",0.712,0.893,10,-3.995,0,0.0851,0.00788,0,0.169,0.828,125.022,4
spotify:track:1XC46heLGYz83ResGphueE,"BYOB (bring your own best friend)","side-B : memoirs of echo unseen","Billlie",2023-10-23,158068,49,false,1217054613,2025-04-14T17:47:24Z,"k-pop","MYSTIC STORY",0.739,0.695,8,-4.395,1,0.0415,0.295,0,0.113,0.394,121.942,4
spotify:track:3F4lHPNHlvr3RpO4tpVOIs,"In Bloom","YOUTH IN THE SHADE","ZEROBASEONE",2023-07-10,180988,62,false,1217054613,2025-04-14T17:50:22Z,"k-pop","Genie Music Corporation, Stone Music Entertainment",0.551,0.886,6,-3.843,1,0.0699,0.111,0,0.112,0.383,82.034,4
spotify:track:35ZccqI4iHVR0puhGc1u0U,"MANIAC","The 4th Mini Album 'VERSUS'","VIVIZ",2023-11-02,195520,65,false,1217054613,2025-04-14T17:46:58Z,"k-pop","BIGPLANETMADE",0.755,0.575,9,-4.521,1,0.0705,0.189,0,0.0978,0.808,114.962,4
spotify:track:5cTnKClHyczcUhFT8MKBZe,"HALAZIA","SPIN OFF : FROM THE WITNESS","ATEEZ",2022-12-30,197025,66,false,1217054613,2025-04-14T17:47:41Z,"k-pop,noise music","KQ Entertainment",0.482,0.884,6,-4.538,0,0.0668,0.000677,0.000575,0.0883,0.377,171.915,4
spotify:track:5XWlyfo0kZ8LF7VSyfS4Ew,"Drama","Drama - The 4th Mini Album","aespa",2023-11-10,214973,79,false,1217054613,2025-04-14T17:47:32Z,"k-pop","SM Entertainment / Warner Records",0.644,0.872,6,-1.54,0,0.0417,0.164,0,0.363,0.378,131.016,4
spotify:track:1OG1NoKpZZLrMqMYCk9m84,"LALALALA","ROCK-STAR","Stray Kids",2023-11-10,182224,78,false,1217054613,2025-04-14T17:47:49Z,"k-pop,noise music","Republic Records - Stray Kids",0.705,0.849,0,-2.595,1,0.0493,0.0647,0,0.653,0.609,125.976,4
spotify:track:7eBpUuPnDTfbeP1P4P93CS,"Fighting (Feat. Lee Young Ji)","BSS 1st Single Album 'SECOND WIND'","BSS;Lee Young Ji",2023-02-06,204466,66,false,1217054613,2025-04-17T14:46:55Z,"k-pop,k-rap","PLEDIS Entertainment",0.707,0.86,11,-2.935,0,0.191,0.103,0,0.0989,0.922,152.026,4
spotify:track:6KiEF5zqzHiFjzdm8gChz7,"KNOCK","Over The Moon","LEE CHAE YEON",2023-04-12,173080,56,false,1217054613,2025-04-14T17:48:03Z,"k-pop","Genie Music Corporation, Stone Music Entertainment",0.81,0.734,9,-1.784,1,0.035,0.000545,0.00000625,0.055,0.935,138.945,4
spotify:track:440PcZN8eK9e7lkl7BLwqO,"Heavy Metal Wings","EVOLution <⟡>","tripleS",2023-10-11,195680,37,false,1217054613,2025-04-14T17:49:28Z,"k-pop","MODHAUS",0.742,0.923,9,-1.957,1,0.0689,0.0872,0.000433,0.0436,0.778,101.992,4
spotify:track:53Wa5dwbGUT8Jcg08FYfV5,"GingaMingaYo (the strange world)","the collective soul and unconscious: chapter one","Billlie",2022-02-23,215800,52,false,1217054613,2025-04-14T18:33:05Z,"k-pop","MYSTIC STORY",0.888,0.9,1,-4.029,1,0.0791,0.032,0.00772,0.359,0.653,121.997,4
spotify:track:1AZjCZSGEjlxUufFQwSszF,"Wild Flower (with youjeen)","Indigo","RM;Youjeen",2022-12-02,273499,81,false,1217054613,2025-04-14T18:34:55Z,"k-pop,k-rap,k-rock","BIGHIT MUSIC",0.486,0.766,8,-5.821,1,0.0938,0.0282,0,0.123,0.417,154.992,4
spotify:track:0Q5VnK2DYzRyfqQRJuUtvi,"LOVE DIVE","LOVE DIVE","IVE",2022-04-05,177186,72,false,1217054613,2025-04-14T18:33:43Z,"k-pop","STARSHIP Entertainment",0.703,0.709,1,-4.169,0,0.0433,0.00379,0.0000543,0.333,0.538,117.941,4
spotify:track:3r8RuvgbX9s7ammBn07D3W,"Ditto","Ditto","NewJeans",2022-12-19,185506,80,false,1217054613,2025-04-14T18:33:28Z,"k-pop","ADOR",0.814,0.641,6,-5.957,0,0.111,0.027,0,0.0993,0.183,133.854,4
spotify:track:69xohKu8C1fsflYAiSNbwM,"Run BTS","Proof","BTS",2022-06-10,204939,80,false,1217054613,2025-04-14T18:33:18Z,"k-pop","BIGHIT MUSIC",0.724,0.818,8,-3.747,1,0.168,0.0201,0,0.0358,0.696,77.004,4
spotify:track:7GNRUsU3M4XNDDB9xle5Dz,"That That (prod.&feat. SUGA of BTS)","PSY 9th","PSY;SUGA",2022-04-29,174646,72,false,1217054613,2025-04-14T18:33:59Z,"k-pop","P NATION",0.903,0.962,4,-3.203,1,0.0852,0.0302,0,0.0273,0.906,129.968,4
spotify:track:3lOMJTQTd6J34faYwASc33,"POP!","IM NAYEON","NAYEON",2022-06-24,168106,72,false,1217054613,2025-04-14T18:35:22Z,"k-pop","Republic Records – NAYEON (TWICE)",0.795,0.859,2,-2.994,1,0.0542,0.0361,0,0.0321,0.356,96.986,4
spotify:track:4XKXphKH76W4zNpkgFS5o2,"MORE","MORE","j-hope",2022-07-01,180022,59,false,1217054613,2025-04-14T18:40:30Z,"k-pop,k-rap","BIGHIT MUSIC",0.783,0.722,2,-4.864,1,0.0357,0.00537,0.00209,0.105,0.306,97.031,4
spotify:track:4fsQ0K37TOXa3hEQfjEic1,"ANTIFRAGILE","ANTIFRAGILE","LE SSERAFIM",2022-10-17,184444,70,false,1217054613,2025-04-14T18:44:24Z,"k-pop","SOURCE MUSIC",0.882,0.797,10,-3.299,0,0.0819,0.0821,0,0.113,0.824,105.025,4
spotify:track:0RDqNCRBGrSegk16Avfzuq,"Talk that Talk","BETWEEN 1&2","TWICE",2022-08-26,177466,69,false,1217054613,2025-04-14T18:44:43Z,"k-pop","Republic Records - TWICE",0.772,0.907,3,-2.438,0,0.124,0.136,0,0.334,0.783,119.973,4
spotify:track:63irPUP3xB74fHdw1Aw9zR,"MANIAC","ODDINARY","Stray Kids",2022-03-18,182757,77,false,1217054613,2025-04-14T18:34:12Z,"k-pop,noise music","Republic Records - Stray Kids",0.581,0.8,1,-2.613,1,0.411,0.154,0,0.0697,0.709,119.872,5
spotify:track:2oBMZYteeO8DyXV9gDx6Za,"Feel My Rhythm","‘The ReVe Festival 2022 - Feel My Rhythm’","Red Velvet",2022-03-21,210253,64,false,1217054613,2025-04-14T18:44:55Z,"k-pop","SM Entertainment",0.412,0.94,1,-2.171,1,0.215,0.0648,0,0.358,0.423,157.964,4
spotify:track:6m03hhIiSmMDTiISpL0rHm,"Lovin' Me","THE FIFTY","FIFTY FIFTY",2022-11-18,189534,37,false,1217054613,2025-04-16T15:07:04Z,"k-pop","SME Korea Inc.",0.616,0.593,8,-6.785,1,0.361,0.709,0.0000271,0.104,0.6,170.858,4
spotify:track:20pl0RVGT7P6L1Jr9p51nw,"Trust Fund Baby","minisode 2: Thursday's Child","TOMORROW X TOGETHER",2022-05-09,156364,54,false,1217054613,2025-04-14T18:45:36Z,"k-pop","Republic Records - TXT",0.465,0.407,5,-7.859,1,0.0819,0.715,0,0.0523,0.347,66.802,3
spotify:track:0a4MMyCrzT0En247IhqZbD,"Hype Boy","NewJeans 1st EP 'New Jeans'","NewJeans",2022-08-01,179026,78,false,1217054613,2025-04-14T18:35:35Z,"k-pop","ADOR",0.593,0.935,4,-3.43,0,0.225,0.268,0,0.286,0.783,99.976,4
spotify:track:2yMIYu0O3TanoqmqpTcoEs,"Catch the Stars","Catch the Stars","WOOAH",2022-01-04,200106,37,false,1217054613,2025-04-16T15:15:21Z,"k-pop","NV ENTERTAINMENT",0.697,0.935,6,-3.191,0,0.113,0.0585,0,0.124,0.883,115.108,4
spotify:track:7ecbsiAQ6PNdiAq0hplVZo,"Blessed-Cursed","DIMENSION : ANSWER","ENHYPEN",2022-01-10,170805,67,false,1217054613,2025-04-14T18:45:21Z,"k-pop","BELIFT LAB",0.604,0.886,4,-3.523,0,0.061,0.0925,0,0.596,0.401,127.098,4
spotify:track:7rXcCpIAoOUCydkVDMcoPV,"INVU","INVU - The 3rd Album","TAEYEON",2022-02-14,204973,64,false,1217054613,2025-04-14T18:37:29Z,"k-pop,k-ballad","SM Entertainment",0.599,0.816,11,-3.412,0,0.0556,0.0911,0.00000217,0.0961,0.399,106.962,4
spotify:track:0nS3lmnyaFyXuGVZp5XCqj,"BIBI Vengeance","Lowlife Princess: Noir","BIBI",2022-11-17,165135,67,false,1217054613,2025-04-18T07:18:03Z,"k-pop,k-rap","Feel Ghood Music/88risingMusic",0.442,0.75,11,-4.719,0,0.0909,0.0283,0.000159,0.0628,0.414,99.992,4
spotify:track:59WDxA3UxKvJDIJcK6dVZv,"Gasoline","Gasoline - The 2nd Album","KEY",2022-08-30,191906,44,false,1217054613,2025-04-14T18:37:05Z,"k-pop","SM Entertainment",0.605,0.855,7,-2.631,0,0.251,0.00467,0,0.336,0.662,150.03,4
spotify:track:0h7QMc9ZRzA9QJrbEHytn2,"The Astronaut","The Astronaut","Jin",2022-10-28,282463,70,false,1217054613,2025-04-14T18:37:20Z,"k-pop","BIGHIT MUSIC",0.54,0.761,5,-5.356,1,0.0311,0.00446,0.0000025,0.137,0.215,124.988,4
spotify:track:5uFqjHOo3Sh0bVPCKf3DdH,"Illusion","Illusion","aespa",2022-06-01,195053,56,false,1217054613,2025-04-14T18:37:41Z,"k-pop","Warner Records",0.75,0.718,2,-2.817,0,0.0468,0.0814,0.0000175,0.322,0.592,90.027,4
spotify:track:37YoRLUu1qId0ewavgvnkG,"Blue Flame","FEARLESS","LE SSERAFIM",2022-05-02,201894,67,false,1217054613,2025-04-14T18:34:25Z,"k-pop","SOURCE MUSIC",0.781,0.725,4,-3.571,0,0.0452,0.0281,0,0.0761,0.765,112.045,4
spotify:track:2QWEMqQMJR1KDf6hDjJOs6,"Arson","Jack In The Box","j-hope",2022-07-15,159761,68,true,1217054613,2025-04-14T18:44:10Z,"k-pop,k-rap","BIGHIT MUSIC",0.938,0.798,1,-3.998,1,0.103,0.00813,0.0000703,0.146,0.265,99.992,4
spotify:track:14jjsKr5HwNhZ18MJR5hYn,"Devil","Devil - The 2nd Mini Album","MAX CHANGMIN",2022-01-13,213960,35,false,1217054613,2025-04-27T22:53:28Z,"k-pop","SM Entertainment",0.506,0.607,0,-4.016,0,0.0587,0.191,0,0.258,0.541,74.898,3
spotify:track:0tYZo2UhV1lrUez5CA0Iyw,"Guerrilla","THE WORLD EP.1 : MOVEMENT","ATEEZ",2022-07-29,207921,65,false,1217054613,2025-04-14T18:38:23Z,"k-pop,noise music","KQ Entertainment",0.555,0.89,9,-5.349,1,0.132,0.00399,0,0.0506,0.581,181.963,4
spotify:track:7B9W7Qsy5M2kyUNjQYIEG8,"DM","Midnight Guest","fromis_9",2022-01-17,204293,62,false,1217054613,2025-04-14T18:45:10Z,"k-pop,bubblegum pop","PLEDIS Entertainment",0.649,0.898,11,-3.291,0,0.11,0.0213,0,0.0576,0.663,122.028,4
spotify:track:1dfsPqH09vnzUWEOsN98Ex,"28 Reasons","28 Reasons - The 1st Mini Album","SEULGI",2022-10-04,189413,59,false,1217054613,2025-04-14T18:40:06Z,"k-pop","SM Entertainment",0.766,0.651,5,-3.546,0,0.0952,0.211,0.00000251,0.144,0.488,121.995,4
spotify:track:3eRXnVROQcJxwzovKyLTnd,"Copycat","Copycat","Apink CHOBOM",2022-07-12,204186,42,false,1217054613,2025-04-16T15:19:50Z,"","Above Music",0.753,0.815,11,-3.085,1,0.0608,0.173,0,0.0465,0.789,112.035,4
spotify:track:6I2tqFhk8tq69iursYxuxd,"HOT","SEVENTEEN 4th Album 'Face the Sun'","SEVENTEEN",2022-05-27,197586,70,false,1217054613,2025-04-16T15:21:54Z,"k-pop","PLEDIS Entertainment",0.765,0.777,5,-4.376,0,0.0399,0.0539,0.00000258,0.338,0.64,111.944,4
spotify:track:0lNPjT58llQGlycRA2mea4,"Last Sequence","Sequence","WJSN",2022-07-05,187466,46,false,1217054613,2025-04-14T18:40:58Z,"k-pop","STARSHIP ENTERTAINMENT",0.664,0.887,7,-2.331,0,0.0841,0.174,0,0.0894,0.718,121.092,4
spotify:track:08rg9OloHTHRsk9evNPpnd,"Thank You","THANK YOU","Brave Girls",2022-03-14,195413,32,false,1217054613,2025-04-14T18:43:12Z,"k-pop","Brave Entertainment",0.65,0.944,8,-2.117,0,0.0748,0.00669,0,0.318,0.863,122.062,4
spotify:track:68U6oSUCvqk4MiTULbYCEd,"Just Breath","Restore","JINJIN&ROCKY(ASTRO)",2022-01-17,203893,35,false,1217054613,2025-05-08T00:33:10Z,"","Fantagio",0.788,0.915,0,-3.253,1,0.144,0.149,0,0.0586,0.89,119.973,4
spotify:track:0dap7YUNPlUiEPYSA1bRg3,"CHIQUITA","YELLOW PUNCH","Rocket Punch",2022-02-28,186328,34,false,1217054613,2025-04-14T18:43:31Z,"k-pop","Woollim Entertainment",0.694,0.82,6,-1.662,0,0.045,0.0492,0.0000165,0.12,0.5,128.099,4
spotify:track:0FOBJ5PbwOe5XBY9y0bnhi,"BTBT (feat. DeVita)","BTBT (feat. DeVita)","B.I;Soulja Boy;DeVita",2022-05-13,219549,58,false,1217054613,2025-04-16T15:23:39Z,"k-pop,k-rap","IOK x Transparent Arts",0.763,0.663,9,-6.928,0,0.183,0.321,0,0.115,0.496,109.979,4
spotify:track:1Z8TPHiKeCUyClxV6WTTIf,"0X1=LOVESONG (I Know I Love You) feat. Seori","The Chaos Chapter: FREEZE","TOMORROW X TOGETHER;Seori",2021-05-31,202203,71,false,1217054613,2025-04-16T21:19:46Z,"k-pop","Republic Records - TXT",0.584,0.836,0,-4.925,1,0.079,0.0558,0,0.0663,0.484,104.973,4
spotify:track:7n2FZQsaLb7ZRfRPfEeIvr,"ELEVEN","ELEVEN","IVE",2021-12-01,178453,71,false,1217054613,2025-04-16T21:20:09Z,"k-pop","STARSHIP Entertainment",0.828,0.731,9,-3.033,1,0.111,0.0617,0,0.048,0.587,119.978,4
spotify:track:0UzymivvUH5s8z4PeWZJaK,"FEVER","BORDER : CARNIVAL","ENHYPEN",2021-04-26,172106,77,false,1217054613,2025-04-16T21:20:22Z,"k-pop","BELIFT LAB",0.6,0.713,6,-5.079,0,0.0592,0.0642,0,0.142,0.471,72.999,4
spotify:track:5xrtzzzikpG3BLbo4q1Yul,"LILAC","IU 5th Album 'LILAC'","IU",2021-03-25,214253,66,false,1217054613,2025-04-16T21:21:03Z,"k-pop,k-ballad","EDAM Entertainment",0.738,0.89,2,-2.275,0,0.0748,0.0895,0.00000189,0.213,0.75,114.942,4
spotify:track:1mWdTewIgB3gtBM3TOSFhB,"Butter","Butter (Hotter, Sweeter, Cooler)","BTS",2021-06-04,164441,71,false,1217054613,2025-04-16T21:21:34Z,"k-pop","BIGHIT MUSIC",0.759,0.459,8,-5.187,1,0.0948,0.00323,0,0.0906,0.695,109.997,4
spotify:track:1pU5SijPp89lNrZHJL0166,"오늘 조금 취해서 그래","오늘 조금 취해서 그래","YOUHA",2021-01-13,165545,40,false,1217054613,2025-04-16T21:22:06Z,"","Universal Music Ltd.",0.568,0.809,6,-6.861,1,0.0624,0.133,0,0.796,0.364,110.03,4
spotify:track:2Gdw7bH1N016pgc6i3JZDR,"Crush","MCND AGE","MCND",2021-01-08,199240,38,false,1217054613,2025-04-16T21:22:22Z,"k-pop,noise music","TOP MEDIA",0.893,0.9,4,-4.138,0,0.0534,0.0205,0,0.0509,0.89,105.005,4
spotify:track:0BTaaKT4RMbs5M73tOHX5Y,"Alcohol-Free","Taste of Love","TWICE",2021-06-11,210573,66,false,1217054613,2025-04-16T21:22:38Z,"k-pop","Republic Records - TWICE",0.688,0.909,8,-1.992,1,0.0624,0.0474,0.00000135,0.0674,0.702,97.097,4
spotify:track:4t2FIqZJORKZGSKg30SShr,"NAKKA (with IU)","NEXT EPISODE","AKMU;IU",2021-07-26,212807,53,false,1217054613,2025-04-16T21:23:01Z,"k-ballad,k-pop","YG Entertainment",0.816,0.636,10,-6.95,0,0.101,0.0732,0.0000281,0.118,0.499,100.923,4
spotify:track:44tTqUi3xi7E28QLzHVdUA,"Anti-Romantic","The Chaos Chapter: FREEZE","TOMORROW X TOGETHER",2021-05-31,215188,63,false,1217054613,2025-04-16T21:23:36Z,"k-pop","Republic Records - TXT",0.641,0.489,0,-8.668,0,0.11,0.0509,0,0.071,0.206,142.977,4
spotify:track:0KERuWnGiBnoFiMyJCLTcj,"BLACK MIRROR","BINARY CODE","ONEUS",2021-05-11,220320,41,false,1217054613,2025-04-16T21:24:00Z,"k-pop,k-rock,noise music","RBW Inc.",0.791,0.797,10,-2.751,0,0.0714,0.0319,0,0.112,0.896,123.006,4
spotify:track:52CBUrIdyf8tbZaUY9iawE,"After School","We play","Weeekly",2021-03-17,205373,63,false,1217054613,2025-04-16T21:24:13Z,"k-pop","Above Music",0.634,0.928,1,-1.609,1,0.0514,0.00719,0.00000255,0.0626,0.738,164.007,4
spotify:track:1wcr8DjnN59Awev8nnKpQ4,"Drunk-Dazed","BORDER : CARNIVAL","ENHYPEN",2021-04-26,193260,77,false,1217054613,2025-04-16T21:24:44Z,"k-pop","BELIFT LAB",0.599,0.869,5,-5.174,0,0.0618,0.000707,0,0.0911,0.453,132.889,4
spotify:track:39kH6C2twlYjyssIW02sbr,"LAST WALTZ","Formula of Love: O+T=<3","TWICE",2021-11-12,170560,53,false,1217054613,2025-05-25T00:00:11Z,"k-pop","Republic Records - TWICE",0.799,0.772,7,-3.272,0,0.105,0.213,0,0.0892,0.61,141.968,4
spotify:track:5zTp64MsWOTdAWWXK7zEPK,"Zombie","HIDE & SEEK","PURPLE KISS",2021-09-08,200933,44,false,1217054613,2025-04-16T21:25:02Z,"k-pop","RBW Inc.",0.736,0.915,6,-1.99,0,0.0766,0.0192,0,0.33,0.831,110.017,4
spotify:track:1RtlbxsPpDBsHHmGTb7ah2,"Odd Eye","[Dystopia : Road to Utopia]","Dreamcatcher",2021-01-26,184413,51,false,1217054613,2025-04-16T21:25:23Z,"k-rock,k-pop","DREAMCATCHER COMPANY",0.537,0.932,6,-1.84,0,0.0869,0.0487,0,0.197,0.556,160.058,4
spotify:track:2bZIDMpzVooosmPHn0tHnd,"STEREOTYPE","STEREOTYPE","STAYC",2021-09-06,191695,60,false,1217054613,2025-04-16T21:33:08Z,"k-pop","High Up Entertainment",0.605,0.805,6,-3.212,1,0.0641,0.313,0,0.659,0.738,148.298,4
spotify:track:1c3WMOE7Q0dCFN6bjT8KWo,"EVEREST (with Sam Kim)","NEXT EPISODE","AKMU;Sam Kim",2021-07-26,195882,37,false,1217054613,2025-04-16T21:25:52Z,"k-ballad,k-pop","YG Entertainment",0.763,0.465,11,-9.07,0,0.0461,0.348,0.000874,0.101,0.757,108.025,4
spotify:track:45WEkgFSP5Af8Huepaj4P1,"Cinema","CIX 4th EP Album ‘HELLO’ Chapter Ø. Hello, Strange Dream","CIX",2021-02-02,192133,41,false,1217054613,2025-04-16T21:28:32Z,"k-pop","C9 ENTERTAINMENT",0.669,0.751,1,-3.676,1,0.056,0.121,0,0.334,0.633,100.96,4
spotify:track:7oQqeRSV38YqkRv2UGvmbS,"WE GO","9 WAY TICKET","fromis_9",2021-05-17,175946,55,false,1217054613,2025-04-16T21:29:00Z,"k-pop,bubblegum pop","Genie Music Corporation, Stone Music Entertainment",0.666,0.925,6,-3.193,1,0.102,0.0162,0,0.203,0.798,124.001,5
spotify:track:237OjBs3wvamAFpHp0yItw,"Peaches","Peaches - The 2nd Mini Album","KAI",2021-11-30,198080,57,false,1217054613,2025-04-16T21:29:15Z,"k-pop","SM Entertainment",0.633,0.775,6,-3.747,1,0.0413,0.348,0,0.612,0.486,134.093,4
spotify:track:1Wcr8zrKqbUX0zwN8Dbr16,"In the morning","GUESS WHO","ITZY",2021-04-30,172373,63,false,1217054613,2025-04-16T21:29:32Z,"k-pop","Republic Records - ITZY",0.846,0.814,6,-4.685,0,0.149,0.0823,0.00094,0.13,0.722,140.055,4
spotify:track:7B8JKfqm63AO8MCHFO3pIb,"BAD LOVE","BAD LOVE - The 1st Mini Album","KEY",2021-09-27,205360,46,false,1217054613,2025-04-16T21:29:49Z,"k-pop","SM Entertainment",0.67,0.855,11,-2.122,0,0.0585,0.111,0,0.272,0.42,101.962,4
spotify:track:308Ir17KlNdlrbVLHWhlLe,"The Feels","Formula of Love: O+T=<3","TWICE",2021-11-12,198053,73,false,1217054613,2025-04-16T21:30:15Z,"k-pop","Republic Records - TWICE",0.808,0.903,9,-2.179,1,0.0729,0.0899,0,0.0816,0.922,120.044,4
spotify:track:3oakOXOSbmxLo29KVhymY3,"Lose","Love Synonym #2 : Right for Us","WONHO",2021-02-26,187856,47,false,1217054613,2025-04-16T21:31:29Z,"k-pop","BMG Rights Management (US) LLC",0.756,0.865,0,-4.259,0,0.0577,0.184,0.000825,0.202,0.446,116.999,4
spotify:track:6RTF5urAOB5C52nLxeRK5h,"Pose","Queendom - The 6th Mini Album","Red Velvet",2021-08-16,200680,47,false,1217054613,2025-04-16T21:33:29Z,"k-pop","SM Entertainment",0.841,0.831,10,-3.675,0,0.0526,0.0617,0,0.101,0.762,124.965,4
spotify:track:5awNIWVrh2ISfvPd5IUZNh,"PTT (Paint The Town)","[&]","LOONA",2021-06-28,201120,3,false,1217054613,2025-04-16T21:33:45Z,"k-pop","BlockBerry Creative",0.781,0.814,8,-2.437,1,0.1,0.0735,0.0000192,0.0565,0.546,124.028,4
spotify:track:0nwTMzpatarzvLvtwwzdCt,"Thunderous","NOEASY","Stray Kids",2021-08-23,183266,72,false,1217054613,2025-04-16T21:30:46Z,"k-pop,noise music","Republic Records - Stray Kids",0.601,0.786,1,-3.706,1,0.234,0.213,0,0.209,0.79,172.156,4
spotify:track:0ufYP4HLjzVSLUsGKCIQJH,"BEcause","[Summer Holiday]","Dreamcatcher",2021-07-30,191946,52,false,1217054613,2025-04-16T21:32:46Z,"k-rock,k-pop","DREAMCATCHER COMPANY",0.551,0.94,4,-2.768,0,0.0871,0.0182,0,0.316,0.458,170.018,4
spotify:track:7vDR4MzesKd25X06qYknQW,"AuRoRa","Planet Nine : Alter Ego","ONEWE",2021-06-16,221720,40,false,1217054613,2025-05-24T23:29:25Z,"k-rock,k-pop","RBW Inc.",0.587,0.829,1,-2.697,0,0.036,0.108,0,0.115,0.371,116.948,4
spotify:track:1ToROjA1pHmt3gtjJpENH1,"My Doll","Dear OHMYGIRL","OH MY GIRL",2021-05-10,204520,27,false,1217054613,2025-04-16T21:32:19Z,"k-pop","WM ENTERTAINMENT INC.",0.72,0.676,7,-5.862,0,0.202,0.362,0.0000406,0.124,0.497,158.957,3
spotify:track:3dbLT62Cvs46Ju7a8gpr36,"Savage","Savage - The 1st Mini Album","aespa",2021-10-05,238143,66,false,1217054613,2025-04-16T21:31:15Z,"k-pop","SM Entertainment",0.727,0.879,9,-1.167,1,0.129,0.124,0.0000117,0.244,0.671,146.959,4
spotify:track:4rOODw637hsmsq0uzT0DN3,"Advice","Advice - The 3rd Mini Album","TAEMIN",2021-05-18,191640,61,false,1217054613,2025-04-29T21:22:45Z,"k-pop","SM Entertainment",0.659,0.821,9,-2.215,0,0.0468,0.406,0,0.114,0.353,161.983,4
spotify:track:5AqI13o6VzztZEPhFR4mhv,"After We Ride","After ‘We Ride’","Brave Girls",2021-08-23,202266,34,false,1217054613,2025-04-16T21:30:59Z,"k-pop","Brave Entertainment",0.553,0.909,5,-3.353,1,0.0711,0.0332,0,0.0951,0.387,118.928,4
spotify:track:0cLXk75Pan3mhRlWqHiynh,"Where Are We Now","WAW","MAMAMOO",2021-06-02,223546,41,false,1217054613,2025-04-29T21:24:23Z,"k-pop","RBW Inc.",0.407,0.494,8,-5.272,1,0.0343,0.744,0.0000162,0.157,0.325,117.55,4
spotify:track:0rNLaGUleZ91DXMxmZNq5v,"Fireworks (I'm The One)","ZERO : FEVER Part.2","ATEEZ",2021-03-01,209574,61,false,1217054613,2025-04-25T12:18:56Z,"k-pop,noise music","KQ Entertainment",0.724,0.904,0,-3.815,1,0.0872,0.0419,0.00000479,0.163,0.728,130.036,4
spotify:track:021L6LlBBtr34BmFRHd9Ic,"FIRST","Last Melody","EVERGLOW",2021-05-25,212280,55,false,1217054613,2025-04-18T19:05:23Z,"k-pop,noise music","Genie Music Corporation, Stone Music Entertainment",0.611,0.864,6,-2.345,0,0.0654,0.00852,0.00000168,0.136,0.455,152.02,4
spotify:track:0fZRNhPJ4AGmwY7rkpdbqK,"ON","MAP OF THE SOUL : 7","BTS",2020-02-21,246380,75,false,1217054613,2025-04-25T11:09:39Z,"k-pop","BIGHIT MUSIC",0.583,0.817,9,-5.146,0,0.099,0.118,0,0.338,0.437,105.935,4
spotify:track:0dBLXucM4xYMs5nlrXyKQP,"Goblin (Favorite Boys)","HJZM : The Butterfly Phantasy","A.C.E",2020-09-02,215363,42,false,1217054613,2025-04-25T11:09:56Z,"k-pop,noise music","BEAT INTERACTIVE",0.351,0.881,11,-3.66,0,0.265,0.0162,0,0.43,0.665,202.248,4
spotify:track:49EywdY1mHFj27OY7U8Y2d,"MAGO","回:Walpurgis Night","GFRIEND",2020-11-09,199133,65,false,1217054613,2025-04-25T11:10:18Z,"k-pop","SOURCE MUSIC",0.623,0.824,6,-3.656,0,0.0384,0.00623,0.000933,0.145,0.658,120.035,4
spotify:track:4Ws314Ylb27BVsvlZOy30C,"Lovesick Girls","THE ALBUM","BLACKPINK",2020-10-02,194765,72,false,1217054613,2025-04-25T11:10:07Z,"k-pop","YG Entertainment/Interscope Records",0.654,0.707,6,-5.661,1,0.0664,0.00559,0,0.0873,0.448,127.97,4
spotify:track:0RRd7AcCl0HR5gzzRuCMXs,"Eternally","The Dream Chapter: ETERNITY","TOMORROW X TOGETHER",2020-05-18,217374,55,false,1217054613,2025-04-25T11:10:27Z,"k-pop","Republic Records - TXT",0.382,0.85,6,-4.735,1,0.423,0.0255,0,0.0912,0.414,185.924,3
spotify:track:6wH3AP7b01vpzKYRJhreMy,"Black Swan","Black Swan","BTS",2020-01-17,198260,68,false,1217054613,2025-04-25T11:10:36Z,"k-pop","BIGHIT MUSIC",0.719,0.757,2,-5.167,0,0.0849,0.137,0,0.129,0.489,147.024,4
spotify:track:4BSluGpjdLQihMmKgHXMxp,"HOLO","HOLO","LeeHi",2020-07-23,178520,53,false,1217054613,2025-04-25T11:10:48Z,"k-ballad,k-pop","Genie Music Corporation, Stone Music Entertainment",0.406,0.474,6,-6.349,1,0.0295,0.768,0,0.106,0.206,179.914,3
spotify:track:0H4ugk6rhnXmTl47ayy9O5,"Daechwita","D-2","Agust D",2020-05-22,225668,0,true,1217054613,2025-04-25T11:11:07Z,"k-pop,k-rap","BIGHIT MUSIC / HYBE",0.65,0.827,8,-4.014,1,0.0599,0.0229,0,0.121,0.223,144.995,4
spotify:track:2KXEE2MsPZLmT38XiyAOpH,"Criminal","Never Gonna Dance Again : Act 1 - The 3rd Album","TAEMIN",2020-09-07,211400,59,false,1217054613,2025-04-25T11:11:25Z,"k-pop","SM Entertainment",0.65,0.867,2,-3.332,1,0.0686,0.0287,0.000166,0.0488,0.161,115.918,4
spotify:track:3IdPtyJHB1WVPM4eCiCAKM,"Answer","TREASURE EPILOGUE : Action To Answer","ATEEZ",2020-01-06,219760,32,false,1217054613,2025-04-25T11:11:43Z,"k-pop,noise music","KQ Entertainment",0.565,0.903,7,-1.918,1,0.0499,0.0746,0,0.359,0.54,97.968,4
spotify:track:4XPXrcpyNr30Km6aPiflJy,"God’s Menu","GO LIVE","Stray Kids",2020-06-17,167922,77,false,1217054613,2025-04-25T11:11:54Z,"k-pop,noise music","Republic Records - Stray Kids",0.689,0.771,5,-3.618,1,0.0548,0.00776,0,0.521,0.482,157.052,4
spotify:track:37ZtpRBkHcaq6hHy0X98zn,"I CAN'T STOP ME","Eyes Wide Open","TWICE",2020-10-26,205493,75,false,1217054613,2025-04-25T11:12:42Z,"k-pop","Republic Records - TWICE",0.657,0.88,10,-3.672,0,0.102,0.121,0,0.463,0.769,150.084,4
spotify:track:1XnpzbOGptRwfJhZgLbmSr,"Pretty Savage","THE ALBUM","BLACKPINK",2020-10-02,201122,72,false,1217054613,2025-04-25T11:13:00Z,"k-pop","YG Entertainment/Interscope Records",0.701,0.556,9,-7.42,0,0.0414,0.00886,0.000122,0.106,0.333,152.045,4
spotify:track:6mIjJONoUMvGPT9Kzrab3L,"LA DI DA","-77.82X-78.29","EVERGLOW",2020-09-21,210893,63,false,1217054613,2025-04-25T11:13:25Z,"k-pop,noise music","Genie Music Corporation, Stone Music Entertainment",0.477,0.85,3,-1.486,0,0.0911,0.00108,0,0.0675,0.601,163.845,4
spotify:track:0bDYceyQd1jnJO4sK47YxU,"Dingga","Dingga","MAMAMOO",2020-10-20,179080,55,false,1217054613,2025-04-25T11:13:45Z,"k-pop","RBW, Inc",0.772,0.925,9,-2.788,0,0.108,0.0549,0,0.201,0.795,119.963,4
spotify:track:6mS8cd33jFrighnLc0obxQ,"Ghosting","minisode1 : Blue Hour","TOMORROW X TOGETHER",2020-10-26,223491,58,false,1217054613,2025-04-25T11:14:12Z,"k-pop","Republic Records - TXT",0.413,0.878,9,-4.942,1,0.0694,0.00319,0.000961,0.305,0.694,151.989,4
spotify:track:0ZeGfEAL5Rl4pd5LZBGuEK,"Maria","María","HWASA",2020-06-29,199026,70,false,1217054613,2025-04-25T11:14:23Z,"k-pop","RBW, Inc",0.658,0.749,9,-2.967,0,0.0634,0.238,0.00000203,0.272,0.442,128.909,4
spotify:track:7FxshQAsTWmogWU959hz3T,"Scream","1st Album [Dystopia : The Tree of Language]","Dreamcatcher",2020-02-18,204293,54,false,1217054613,2025-04-25T11:14:52Z,"k-rock,k-pop","Dreamcatcher Company",0.703,0.94,4,-2.253,0,0.161,0.0311,0,0.331,0.308,137.901,4
spotify:track:2QZe2H1f03t5PJWEMg2Mbe,"UGH!","MAP OF THE SOUL : 7","BTS",2020-02-21,225012,70,false,1217054613,2025-04-25T11:15:03Z,"k-pop","BIGHIT MUSIC",0.72,0.824,10,-5.086,0,0.128,0.0394,0,0.0509,0.333,165.996,4
spotify:track:245onUPHGD1DYuiacxTuW0,"KAZINO","KAZINO","BIBI",2020-04-29,185946,60,false,1217054613,2025-04-29T21:28:54Z,"k-pop,k-rap","FeelGhoodMusic",0.625,0.686,6,-3.715,0,0.0414,0.139,0,0.11,0.263,133.041,4
spotify:track:5QGooKayQPVZMUDc8Qt3Dm,"Left & Right","Heng:garæ","SEVENTEEN",2020-06-22,201773,62,false,1217054613,2025-04-25T11:15:37Z,"k-pop","PLEDIS Entertainment",0.726,0.829,6,-3.876,0,0.111,0.146,0,0.0916,0.95,149.994,4
spotify:track:7G6WuVZuTbF6JcnA9wOvsD,"Secret Story of the Swan","Oneiric Diary","IZ*ONE",2020-06-15,192333,62,false,1217054613,2025-04-25T11:16:03Z,"k-pop","Genie Music Corporation, Stone Music Entertainment",0.703,0.941,7,-0.995,0,0.0808,0.131,0,0.319,0.758,102.969,4
spotify:track:6injdlnQwpo4n8obc52QKP,"Girls","NATURE WORLD: CODE M","NATURE",2020-06-17,211373,43,false,1217054613,2025-04-25T11:16:19Z,"k-pop","Genie Music Corporation, Stone Music Entertainment",0.695,0.834,5,-3.288,0,0.0435,0.00753,0.0000916,0.126,0.647,115.045,4
spotify:track:0hxeouHqP3qzpTHerA7ha2,"Dis-ease","BE","BTS",2020-11-20,239722,69,false,1217054613,2025-04-25T11:16:41Z,"k-pop","BIGHIT MUSIC",0.731,0.845,8,-5.352,1,0.132,0.0132,0,0.0782,0.484,101.085,4
spotify:track:0P8lbWigAHXPKxUG60xh79,"Naughty","Naughty","Red Velvet - IRENE & SEULGI",2020-07-20,198520,55,false,1217054613,2025-04-25T11:16:55Z,"k-pop","SM Entertainment",0.693,0.759,7,-2.9,1,0.208,0.055,0.00000136,0.116,0.635,112.983,4
spotify:track:0pYacDCZuRhcrwGUA5nTBe,"eight(Prod.&Feat. SUGA of BTS)","eight","IU;SUGA",2020-05-06,167573,68,false,1217054613,2025-04-25T11:17:06Z,"k-pop,k-ballad","EDAM Entertainment",0.676,0.869,1,-1.573,1,0.0423,0.115,0,0.132,0.594,120.029,4
spotify:track:69WpV0U7OMNFGyq8I63dcC,"Given-Taken","BORDER : DAY ONE","ENHYPEN",2020-11-30,183090,73,false,1217054613,2025-04-25T11:17:20Z,"k-pop","BELIFT LAB",0.631,0.649,8,-4.939,0,0.0377,0.17,0,0.321,0.459,108.07,4
spotify:track:5gpojs9yi3nm8aC3BOg6q5,"Dolphin","NONSTOP","OH MY GIRL",2020-04-27,176773,57,false,1217054613,2025-04-25T11:17:36Z,"k-pop","WM ENTERTAINMENT INC.",0.859,0.669,4,-4.539,1,0.0835,0.166,0,0.265,0.555,113.986,4
spotify:track:13KR2yNRDrbKwR3dOKCDl4,"SO BAD","Star To A Young Culture","STAYC",2020-11-12,212264,58,false,1217054613,2025-04-25T11:17:54Z,"k-pop","High Up Entertainment",0.557,0.906,7,-3.109,0,0.103,0.19,0,0.0616,0.616,168.978,4
spotify:track:5QDLhrAOJJdNAmCTJ8xMyW,"Dynamite","BE","BTS",2020-11-20,199053,83,false,1217054613,2025-04-25T11:18:09Z,"k-pop","BIGHIT MUSIC",0.746,0.765,6,-4.41,0,0.0993,0.0112,0,0.0936,0.737,114.044,4
spotify:track:3hGQn8GEEjsJD558f6qAtd,"MOONDANCE","5NALLY","JEON WOONG;AB6IX",2020-02-13,224166,34,false,1217054613,2025-04-25T11:19:18Z,"k-pop","WM Korea",0.603,0.757,7,-3.962,1,0.052,0.151,0,0.313,0.32,126.988,3
spotify:track:0l7HoOCQOKZpg5MV2hXw57,"Feel Good (SECRET CODE)","My Little Society","fromis_9",2020-09-16,224586,47,false,1217054613,2025-04-25T11:19:36Z,"k-pop,bubblegum pop","OFF THE RECORD Entertainment",0.658,0.915,10,-3.736,0,0.0967,0.0437,0,0.291,0.841,125,4
spotify:track:0WXmPCkeeLjpTddcBI98GV,"Red Sun","1st Album [Dystopia : The Tree of Language]","Dreamcatcher",2020-02-18,185093,44,false,1217054613,2025-04-25T11:19:52Z,"k-rock,k-pop","Dreamcatcher Company",0.7,0.918,8,-2.742,1,0.152,0.344,0,0.152,0.562,79.441,4
spotify:track:1Q5SpQeocfNXefx76svqkl,"Make A Wish (Birthday Song)","NCT RESONANCE Pt. 1 - The 2nd Album","NCT U",2020-10-12,229400,60,false,1217054613,2025-04-25T11:20:13Z,"k-pop,noise music","SM Entertainment",0.732,0.795,8,-2.263,1,0.1,0.0632,0,0.0569,0.693,100.954,4
spotify:track:4pspYVQGFHLPEFgQPD1J7e,"WANNABE","IT'z ME","ITZY",2020-03-09,191242,71,false,1217054613,2025-04-25T11:20:03Z,"k-pop","Republic Records - ITZY",0.809,0.911,6,-4.41,0,0.0617,0.00795,0.000179,0.181,0.64,122.035,4
spotify:track:1exnDFdC34GyBcaLt9ZJfX,"Gotta Go","Gotta Go","CHUNG HA",2019-01-02,221813,59,false,1217054613,2025-04-28T12:54:12Z,"k-pop","Genie Music Corporation, Stone Music Entertainment",0.531,0.83,3,-2.526,0,0.0446,0.0741,0,0.0993,0.419,101.903,4
spotify:track:2Wkm4JBcIV2uSuu4qlbqFN,"Dionysus","MAP OF THE SOUL : PERSONA","BTS",2019-04-12,249215,71,false,1217054613,2025-04-28T12:54:23Z,"k-pop","BIGHIT MUSIC",0.502,0.91,7,-2.769,1,0.107,0.04,0,0.319,0.588,176.084,4
spotify:track:3CYH422oy1cZNoo0GTG1TK,"Psycho","‘The ReVe Festival’ Finale","Red Velvet",2019-12-23,210560,74,false,1217054613,2025-04-28T12:54:32Z,"k-pop","SM Entertainment",0.664,0.666,8,-2.203,1,0.0446,0.193,0,0.0854,0.405,139.987,4
spotify:track:2qQpFbqqkLOGySgNK8wBXt,"FANCY","FANCY YOU","TWICE",2019-04-22,213880,75,false,1217054613,2025-04-28T12:54:42Z,"k-pop","Republic Records - TWICE",0.697,0.874,5,-2.15,0,0.0449,0.0122,0,0.627,0.775,132.018,4
spotify:track:6Yc3tjFCVR2bfAQFRTZBef,"HOME","MAP OF THE SOUL : PERSONA","BTS",2019-04-12,234177,74,false,1217054613,2025-04-28T12:55:58Z,"k-pop","BIGHIT MUSIC",0.633,0.799,7,-4.625,0,0.0427,0.0144,0,0.194,0.534,142.991,4
spotify:track:1rqb2FCXVn2HNL1afJEnTr,"9 and Three Quarters (Run Away)","The Dream Chapter: MAGIC","TOMORROW X TOGETHER",2019-10-21,211866,66,false,1217054613,2025-04-28T12:55:04Z,"k-pop","Republic Records - TXT",0.639,0.756,1,-4.42,1,0.0606,0.0055,0,0.13,0.531,128.931,4
spotify:track:6qyz1KOlGJsKYJ4ZsRmRSD,"TWIT","TWIT","HWASA",2019-02-13,190785,59,false,1217054613,2025-04-28T12:55:15Z,"k-pop","RBW, Inc",0.679,0.813,5,-3.367,0,0.199,0.122,0.00000283,0.263,0.584,136.067,4
spotify:track:2UP7KnRSvc4taXbjOoSX0f,"Say My Name","TREASURE EP.2 : Zero To One","ATEEZ",2019-01-15,222023,34,false,1217054613,2025-04-28T12:55:26Z,"k-pop,noise music","KQ Entertainment",0.634,0.9,6,-2.614,0,0.0574,0.212,0,0.317,0.621,152.947,4
spotify:track:6wNKKoUQfLPmch7cqSFytV,"Butterfly","[X X]","LOONA",2019-02-19,237707,51,false,1217054613,2025-04-28T13:15:30Z,"k-pop","BlockBerryCreative",0.582,0.849,7,-4.153,0,0.0414,0.034,0.000138,0.119,0.355,107.004,4
spotify:track:5UX7u7znDeHnDa3iynEhcm,"LIT","FLY WITH US","ONEUS",2019-09-30,229906,47,false,1217054613,2025-04-28T13:13:50Z,"k-pop,k-rock,noise music","RBW Inc.",0.772,0.859,11,-3.273,0,0.0679,0.186,0,0.309,0.845,131.976,4
spotify:track:6E7jAJN2e3znSHyPCdQqx8,"gogobebe","White Wind","MAMAMOO",2019-03-14,195855,59,false,1217054613,2025-04-28T12:59:24Z,"k-pop","RBW, Inc",0.704,0.787,0,-3.114,1,0.082,0.114,0,0.228,0.707,96.929,4
spotify:track:0IxEQbRKjdc0fKPmovjEYw,"You Calling My Name","Call My Name","GOT7",2019-11-04,194707,59,false,1217054613,2025-04-28T13:16:03Z,"k-pop","Republic Records - JYP Entertainment",0.814,0.667,0,-4.065,0,0.0616,0.093,0,0.0856,0.514,111.036,4
spotify:track:3Hz3tTQwOdM6XkA0ALB2G9,"Feel Special","Feel Special","TWICE",2019-09-23,206866,73,false,1217054613,2025-04-28T12:55:41Z,"k-pop","Republic Records - TWICE",0.708,0.959,1,-1.338,1,0.0604,0.0296,0.00188,0.107,0.644,128.981,4
spotify:track:7cgWWkpUaS94xoWI8lMGiI,"Jamais Vu","MAP OF THE SOUL : PERSONA","BTS",2019-04-12,227275,67,false,1217054613,2025-04-28T13:15:51Z,"k-pop","BIGHIT MUSIC",0.608,0.47,8,-6.73,1,0.0428,0.226,0,0.0963,0.241,81,4
spotify:track:1KCXYoPIpvafzaAGtiRjci,"Noir","Noir","SUNMI",2019-03-04,209678,47,false,1217054613,2025-04-28T13:16:16Z,"k-pop","MAKEUS ENTERTAINMENT",0.642,0.677,8,-4.771,0,0.0343,0.00389,0,0.0854,0.258,117.039,4
spotify:track:3qvfE7DGsIlkWzKMOS4gAm,"Deja Vu","Raid of Dream","Dreamcatcher",2019-09-18,224784,53,false,1217054613,2025-04-29T10:27:43Z,"k-rock,k-pop","DREAMCATCHER COMPANY",0.482,0.675,5,-5.296,0,0.0653,0.0631,0,0.177,0.532,179.69,4
spotify:track:5XcM0eD1lsWZibqJ9AUTFq,"BIRTHDAY","BIRTHDAY","JEON SOMI",2019-06-13,185796,51,false,1217054613,2025-04-28T13:21:00Z,"k-pop","THEBLACKLABEL",0.687,0.844,7,-4.242,1,0.109,0.0163,0.00000992,0.0372,0.596,180.055,4
spotify:track:4ytyLpIwUXbdFsNOvgNnmP,"Four Seasons","Four Seasons","TAEYEON",2019-03-24,188237,55,false,1217054613,2025-04-29T10:05:37Z,"k-pop,k-ballad","SM Entertainment",0.596,0.768,6,-4.948,1,0.145,0.0548,0,0.154,0.673,173.99,4
spotify:track:31ihTxEFH8iLwYuXiXTyK8,"Sunrise","Time for us","GFRIEND",2019-01-14,216487,55,false,1217054613,2025-04-28T13:19:23Z,"k-pop","SOURCE MUSIC",0.447,0.852,6,-1.35,0,0.126,0.411,0,0.101,0.589,173.915,4
spotify:track:0aLG42zaidNkblhiQgJknP,"WANT","WANT - The 2nd Mini Album","TAEMIN",2019-02-11,208967,55,false,1217054613,2025-04-29T10:27:21Z,"k-pop","SM Entertainment",0.64,0.757,7,-5.532,1,0.0689,0.0261,0,0.127,0.413,104.943,4
spotify:track:782QoB4jJ7hEVJmkYzVrRE,"Sunny Side Up!","‘The ReVe Festival’ Finale","Red Velvet",2019-12-23,203817,44,false,1217054613,2025-04-28T13:17:39Z,"k-pop","SM Entertainment",0.706,0.694,11,-5.555,0,0.0722,0.149,0,0.11,0.586,134.96,4
spotify:track:4a9tbd947vo9K8Vti9JwcI,"Boy With Luv (feat. Halsey)","MAP OF THE SOUL : PERSONA","BTS;Halsey",2019-04-12,229773,79,false,1217054613,2025-04-29T10:41:40Z,"k-pop","BIGHIT MUSIC",0.645,0.862,11,-4.761,0,0.0845,0.0933,0,0.193,0.803,119.947,4
spotify:track:0EmYZZ8OqeALedVhijSjsg,"CROWN","The Dream Chapter: STAR","TOMORROW X TOGETHER",2019-03-04,230706,63,false,1217054613,2025-04-28T13:15:19Z,"k-pop","Republic Records - TXT",0.623,0.8,5,-5.819,1,0.0424,0.0497,0,0.0619,0.58,110.979,4
spotify:track:6hvczQ05jc1yGlp9zhb95V,"Kill This Love","KILL THIS LOVE","BLACKPINK",2019-04-05,191050,76,false,1217054613,2025-04-28T13:14:44Z,"k-pop","YG Entertainment, distributed through Interscope Records",0.763,0.835,2,-5.234,0,0.191,0.323,0.00221,0.225,0.645,131.875,4
spotify:track:5XS0GCCIotaI6XtsYcIKeX,"Bon Bon Chocolat","ARRIVAL OF EVERGLOW","EVERGLOW",2019-03-18,228682,61,false,1217054613,2025-04-28T13:14:54Z,"k-pop,noise music","Genie Music Corporation, Stone Music Entertainment",0.72,0.828,6,-5.559,1,0.0612,0.0343,0,0.0747,0.633,139.928,4
spotify:track:2y6Ty2NPAsP84XJAtzLxuk,"Chicken Noodle Soup (feat. Becky G)","Chicken Noodle Soup (feat. Becky G)","j-hope;Becky G",2019-09-27,235497,67,false,1217054613,2025-04-28T13:17:55Z,"k-pop,k-rap,reggaeton,latin","BIGHIT MUSIC",0.827,0.817,2,-4.081,1,0.0953,0.00496,0.0000119,0.294,0.167,97.008,4
spotify:track:24nK8tW7Pt3Inh2utttuoG,"HIP","reality in BLACK","MAMAMOO",2019-11-14,195306,66,false,1217054613,2025-04-28T13:17:05Z,"k-pop","RBW, Inc",0.782,0.731,3,-4.581,0,0.143,0.0376,0.0000315,0.0956,0.824,138.032,4
spotify:track:38dgtl73zn8VYh7VOCvs69,"PIRI","The End of Nightmare","Dreamcatcher",2019-02-13,206820,49,false,1217054613,2025-04-28T13:22:17Z,"k-rock,k-pop","DREAMCATCHER COMPANY",0.506,0.869,2,-2.21,0,0.0597,0.194,0,0.572,0.492,170.034,4
spotify:track:5DG7DFtTUyTPyg5hTVtTtQ,"Twilight","RAISE US","ONEUS",2019-05-29,217933,42,false,1217054613,2025-04-28T15:29:50Z,"k-pop,k-rock,noise music","RBW Inc.",0.618,0.783,8,-4.632,1,0.0812,0.0202,0,0.0838,0.313,116.906,4
spotify:track:2sFWzfV3kqAwXEWM9BjzwH,"MIROH","Clé 1 : MIROH","Stray Kids",2019-03-25,207617,67,false,1217054613,2025-04-29T10:04:35Z,"k-pop,noise music","Republic Records - Stray Kids",0.564,0.979,9,-3.102,1,0.104,0.0091,0,0.249,0.505,126.059,4
spotify:track:0uIw1c0E2nyFWWwEVzhl30,"HIT","An Ode","SEVENTEEN",2019-09-16,203506,60,false,1217054613,2025-04-29T10:04:21Z,"k-pop","PLEDIS Entertainment",0.619,0.908,9,-3.97,0,0.2,0.0865,0,0.131,0.671,130.056,4
spotify:track:40OyiVO9NtBg9R2Gpwxs3u,"LION","I trust","i-dle",2020-04-06,210973,61,false,1217054613,2025-04-28T13:19:07Z,"k-pop","Universal Music LLC",0.741,0.715,4,-5.206,0,0.034,0.0318,0,0.121,0.187,109.989,4
spotify:track:28xjm4FnnGI4Xnds7VoNSl,"WAVE","TREASURE EP.3 : One To All","ATEEZ",2019-06-10,203933,31,false,1217054613,2025-04-28T13:18:39Z,"k-pop,noise music","KQ Entertainment",0.624,0.86,1,-3.346,1,0.0387,0.0886,0.0000104,0.123,0.447,99.968,4
spotify:track:0jSccBRnhNU4KtACMQPvco,"Mikrokosmos","MAP OF THE SOUL : PERSONA","BTS",2019-04-12,224225,77,false,1217054613,2025-04-28T12:54:53Z,"k-pop","BIGHIT MUSIC",0.579,0.858,8,-5.212,1,0.114,0.125,0,0.0502,0.475,174.043,3
spotify:track:4Dr2hJ3EnVh2Aaot6fRwDO,"Blueming","Love poem","IU",2019-11-18,217053,65,false,1217054613,2025-04-28T13:17:22Z,"k-pop,k-ballad","Kakao Entertainment",0.819,0.674,0,-3.145,1,0.0587,0.0849,0,0.0667,0.682,106.032,4
spotify:track:4HwtJ7p2bL1c5BVm35Rgbc,"Goblin","Goblin","SULLI",2019-06-29,193053,44,false,1217054613,2025-05-12T06:13:03Z,"k-pop","SM Entertainment",0.738,0.795,10,-4.623,1,0.0757,0.621,0.00000134,0.116,0.764,85.001,4
spotify:track:6m1TWFMeon7ai9XLOzdbiR,"FAKE LOVE","Love Yourself 轉 'Tear'","BTS",2018-05-18,242333,80,false,1217054613,2025-04-29T22:30:11Z,"k-pop","BIGHIT MUSIC",0.557,0.719,2,-4.515,0,0.0371,0.00267,0,0.306,0.345,77.502,4
spotify:track:4lQsB3ERTWSNaAN1IkuNRl,"DDU-DU DDU-DU","SQUARE UP","BLACKPINK",2018-06-15,211350,74,false,1217054613,2025-04-29T22:30:23Z,"k-pop","2018 YG Entertainment, distributed through Interscope Records",0.668,0.828,4,-5.034,0,0.0739,0.036,0,0.0932,0.393,140.042,4
spotify:track:3WfaJhCL4p2JbdffJjV6Va,"La Vie en Rose","COLOR*IZ","IZ*ONE",2018-10-29,218993,63,false,1217054613,2025-04-29T22:30:33Z,"k-pop","Genie Music Corporation",0.699,0.907,9,-1.208,0,0.0544,0.0868,0,0.115,0.621,115.978,4
spotify:track:42DD4cLqkprJPih3YxXkAO,"forever rain","mono.","RM",2018-10-23,271805,58,false,1217054613,2025-04-30T00:22:06Z,"k-pop,k-rap","BIGHIT MUSIC",0.389,0.591,7,-8.437,1,0.0619,0.0311,0.0000653,0.392,0.255,138.829,4
spotify:track:1e8J3XClxZbFmvIHLI8CE4,"IDOL","Love Yourself 結 'Answer'","BTS",2018-08-24,222732,78,false,1217054613,2025-04-29T22:30:45Z,"k-pop","BIGHIT MUSIC",0.733,0.855,9,-3.211,1,0.118,0.00481,0,0.123,0.42,126.035,4
spotify:track:3d3ELsqKlQ7WA0a10Isu3l,"LOVE SCENARIO","Return","iKON",2018-01-25,209648,71,false,1217054613,2025-04-29T22:30:56Z,"k-pop","YG Entertainment",0.806,0.707,7,-4.623,1,0.0307,0.331,0,0.294,0.746,118.009,4
spotify:track:2qwyjoSsSr3M7HTt611Q5O,"Wind flower","BLUE;S","MAMAMOO",2018-11-29,236816,52,false,1217054613,2025-04-29T22:31:51Z,"k-pop","RBW, Inc",0.735,0.795,0,-2.918,1,0.0518,0.656,0,0.0665,0.825,113.988,4
spotify:track:4as4XEOR03oGm1STUKl6pa,"BBIBBI","BBIBBI","IU",2018-10-10,194426,63,false,1217054613,2025-04-29T22:32:08Z,"k-pop,k-ballad","Kakao Entertainment",0.839,0.617,7,-4.692,1,0.331,0.241,0,0.3,0.821,143.894,4
spotify:track:4eP8Syl3aBEQw3Jy5Bhq0D,"The Truth Untold","Love Yourself 結 'Answer'","BTS;Steve Aoki",2018-08-24,242292,66,false,1217054613,2025-04-29T22:34:51Z,"k-pop,electro house,edm","BIGHIT MUSIC",0.571,0.422,1,-7.561,0,0.0422,0.374,0,0.127,0.169,113.016,4
spotify:track:0yB4jrSwN0bFtFRDR5vyMj,"Love Shot","LOVE SHOT– The 5th Album Repackage","EXO",2018-12-13,200306,74,false,1217054613,2025-04-29T22:33:52Z,"k-pop","SM Entertainment",0.689,0.678,5,-4.287,0,0.119,0.0702,0,0.0889,0.335,145.883,4
spotify:track:3zhbXKFjUDw40pTYyCgt1Y,"What is Love?","Summer Nights","TWICE",2018-07-09,208240,78,false,1217054613,2025-04-29T22:34:02Z,"k-pop","Republic Records - TWICE",0.574,0.909,8,-1.573,1,0.0658,0.0987,0,0.264,0.569,169.966,4
spotify:track:5GKwq4sO5ZHKuWaDmdwMQc,"Bad Boy","The Perfect Red Velvet - The 2nd Album Repackage","Red Velvet",2018-01-29,210817,70,false,1217054613,2025-04-29T22:34:13Z,"k-pop","SM Entertainment",0.714,0.736,2,-3.801,1,0.0457,0.191,0,0.0553,0.814,149.985,4
spotify:track:1EYSS9Lp7a9f20C3FaOVgI,"Baby Don’t Stop","NCT 2018 EMPATHY","NCT;NCT U",2018-03-14,183019,60,false,1217054613,2025-04-29T23:16:56Z,"k-pop,noise music","SM Entertainment",0.827,0.739,8,-6.391,1,0.0744,0.0214,0.00000413,0.043,0.352,95.999,4
spotify:track:3qUJ0kC9YdBO5qRFdYXeXX,"Starry Night","Yellow Flower","MAMAMOO",2018-03-07,211236,59,false,1217054613,2025-04-29T22:34:37Z,"k-pop","RBW, Inc.",0.581,0.773,9,-3.302,0,0.0499,0.656,0,0.112,0.507,124.138,4
spotify:track:0SDUepNAC5xZPkIEb6Kpce,"Treasure","TREASURE EP.1 : All to Zero","ATEEZ",2018-10-24,220846,25,false,1217054613,2025-04-29T22:37:58Z,"k-pop,noise music","KQ Entertainment",0.657,0.866,6,-3.464,0,0.0711,0.082,0,0.0811,0.654,133.973,4
spotify:track:43NeZM2TbrQr6djoAnDyVo,"She's In The Rain","Dawn","The Rose",2018-10-04,237576,61,false,1217054613,2025-04-29T22:38:20Z,"k-rock,k-pop","㈜RBW",0.511,0.536,3,-4.411,1,0.026,0.372,0,0.0769,0.414,92.908,4
spotify:track:6BnciRM9jyEP9cEjvoN5eI,"moonchild","mono.","RM",2018-10-23,205833,65,false,1217054613,2025-04-30T00:22:13Z,"k-pop,k-rap","BIGHIT MUSIC",0.503,0.869,9,-5.576,0,0.214,0.0258,0,0.0659,0.191,157.975,4
spotify:track:5gA9Xn8oPts2aewPgxVkPD,"Heroine","Heroine","SUNMI",2018-01-18,195000,53,false,1217054613,2025-04-29T22:38:44Z,"k-pop","Makeus Entertainment, The Black Label",0.673,0.782,7,-3.911,1,0.0404,0.0582,0.0000014,0.391,0.609,121.991,4
spotify:track:57U27ECxhUoepq18mnhXUm,"몽중몽; Dream In A Dream","몽중몽; Dream In A Dream - SM STATION","TEN",2017-04-07,215221,45,false,1217054613,2025-04-29T22:41:40Z,"k-pop","SM Entertainment",0.618,0.748,8,-6.301,0,0.0315,0.0381,0.00225,0.295,0.367,102.052,4
spotify:track:3BPoSr2pO34Aan6alFfVto,"BBoom BBoom","GREAT!","MOMOLAND",2018-01-03,208863,65,false,1217054613,2025-04-29T22:42:10Z,"k-pop","DUBLEKICK COMPANY, Kakao Entertainment",0.785,0.744,3,-4.249,0,0.0369,0.0149,0.00666,0.0661,0.833,126.018,4
spotify:track:3a7OyTsoZ8CCBdvEEvzLBv,"Egotistic","RED MOON","MAMAMOO",2018-07-16,196018,60,false,1217054613,2025-04-29T23:12:02Z,"k-pop","RBW, Inc.",0.617,0.83,3,-3.312,0,0.0689,0.318,0,0.176,0.614,97.912,4
spotify:track:56sdcbPR74RxqmKVbQzJ8s,"Daydream (백일몽)","Hope World","j-hope",2018-03-02,228759,67,false,1217054613,2025-04-30T00:23:24Z,"k-pop,k-rap","BIGHIT MUSIC",0.749,0.961,8,-6.518,0,0.0874,0.00512,0,0.175,0.859,116.037,4
spotify:track:69WXOcy1JH8ae6b4cYp3sN,"Loved","OUTRO","HIGHLIGHT",2018-11-20,213825,0,false,1217054613,2025-05-08T00:20:05Z,"k-pop","Around US",0.612,0.911,6,-0.857,0,0.0723,0.202,0,0.0747,0.566,104.949,4
spotify:track:7HYJqAMbKDJYRyEfUGOCBB,"I'm Fine","Love Yourself 結 'Answer'","BTS",2018-08-24,240339,69,false,1217054613,2025-04-29T23:13:36Z,"k-pop","BIGHIT MUSIC",0.511,0.84,11,-2.781,0,0.103,0.00852,0,0.346,0.303,87.605,4
spotify:track:2ezKXygNO30pXyDQXkm6oD,"LATATA","I am","i-dle",2018-05-02,202772,60,false,1217054613,2025-04-29T23:14:38Z,"k-pop","CUBE ENTERTAINMENT",0.774,0.792,9,-4.019,0,0.224,0.00427,0.00000115,0.283,0.505,98.1,4
spotify:track:0Oa0m93JdO4xKEMz8T2UZk,"GOODBYE ROAD","NEW KIDS REPACKAGE : THE NEW KIDS","iKON",2019-01-07,239104,47,false,1217054613,2025-04-29T23:16:23Z,"k-pop","YG Entertainment",0.579,0.852,4,-3.358,1,0.0527,0.0607,0,0.41,0.641,79.015,4
spotify:track:381g0b6QZxC13SzA2HRMIc,"Power Up","Summer Magic - Summer Mini Album","Red Velvet",2018-08-06,202040,55,false,1217054613,2025-04-29T23:16:42Z,"k-pop","SM Entertainment",0.732,0.934,8,-4.618,1,0.144,0.0774,0.00745,0.306,0.898,159.998,4
spotify:track:0ErzcmZ2gIwX7X0xSMQPix,"BOSS","NCT 2018 EMPATHY","NCT;NCT U",2018-03-14,210641,61,false,1217054613,2025-04-29T22:34:24Z,"k-pop,noise music","SM Entertainment",0.787,0.543,10,-6.7,0,0.037,0.0233,0,0.0861,0.332,99.026,4
spotify:track:2wVDWtLKXunswWecARNILj,"SOLO","SOLO","JENNIE",2018-11-12,169566,70,false,1217054613,2025-04-29T23:17:07Z,"k-pop","YG Entertainment, distributed through Interscope Records",0.751,0.642,3,-5.165,0,0.087,0.0861,0,0.0953,0.388,95.045,4
spotify:track:2lAxhE5s3x7OS9sfhsgT1F,"Regular - Korean Version","NCT #127 Regular-Irregular - The 1st Album","NCT 127",2018-10-12,217706,47,false,1217054613,2025-04-29T23:20:05Z,"k-pop,noise music","SM Entertainment",0.733,0.801,9,-5.339,0,0.0765,0.237,0,0.287,0.878,133.998,4
spotify:track:76UCduqcA40DkD89iCKWrG,"Crush","KISS, KICKS","Weki Meki",2018-10-11,196179,45,false,1217054613,2025-04-29T23:21:07Z,"k-pop","fantagio music",0.751,0.78,9,-3.37,1,0.0495,0.0236,0,0.154,0.533,123.965,4
spotify:track:18oDuUN4ixceCOX6hkfdRZ,"Scentist","EAU DE VIXX","VIXX",2018-04-17,184794,41,false,1217054613,2025-04-29T23:22:25Z,"k-pop","JELLYFISH ENTERTAINMENT",0.617,0.829,10,-3.884,0,0.078,0.117,0,0.115,0.706,150.064,4
spotify:track:78GQP9XBSqpEDlMoPAbUAJ,"P.O.P (Piece Of Peace) Pt. 1","Hope World","j-hope",2018-03-02,181113,58,false,1217054613,2025-04-30T00:23:39Z,"k-pop,k-rap","BIGHIT MUSIC",0.547,0.844,6,-5.294,1,0.0865,0.0066,0.00000232,0.0604,0.666,175.814,4
spotify:track:6z1kLsntE7FuzKZHZWrXYN,"instagram","instagram","DEAN",2017-12-26,255728,66,false,1217054613,2025-04-29T23:33:41Z,"k-rap,k-pop","Universal Music Ltd.",0.463,0.566,8,-6.195,1,0.145,0.196,0,0.284,0.219,93.921,4
spotify:track:4DYIDSMIB5y2UmZFv9fxeX,"Dance The Night Away","Summer Nights","TWICE",2018-07-09,180800,69,false,1217054613,2025-04-30T01:18:26Z,"k-pop","Republic Records - TWICE",0.709,0.861,0,-2.905,1,0.0941,0.106,0.0000473,0.113,0.779,118.089,4
spotify:track:2j1fFjWHCI9KJSwcuYAOyF,"Spring Day","You Never Walk Alone","BTS",2017-02-13,274097,77,false,1217054613,2025-04-30T11:38:54Z,"k-pop","BIGHIT MUSIC",0.539,0.846,8,-3.192,1,0.0354,0.00631,0.00000171,0.13,0.462,106.994,4
spotify:track:4ZxOuNHhpyOj4gv52MtQpT,"As If It's Your Last","As If It's Your Last","BLACKPINK",2017-06-22,213264,78,false,1217054613,2025-04-30T11:39:03Z,"k-pop","YG Entertainment",0.786,0.852,8,-2.687,1,0.0813,0.0687,0,0.0759,0.455,125.036,4
spotify:track:3HWOknOVmd44e1jg4g0Sga,"Knock Knock","Twicecoaster: Lane 2","TWICE",2017-02-20,195746,63,false,1217054613,2025-04-30T11:39:25Z,"k-pop","Republic Records - TWICE",0.672,0.968,1,-2.636,0,0.131,0.0243,0,0.0587,0.473,129.971,4
spotify:track:6Upu6yjkdi0DVI8E3IBZEU,"Don't Wanna Cry","SEVENTEEN 4th Mini Album ‘Al1’","SEVENTEEN",2017-05-22,203426,65,false,1217054613,2025-04-30T11:39:44Z,"k-pop","PLEDIS ENTERTAINMENT",0.781,0.683,0,-4.258,1,0.0325,0.164,0.00000153,0.16,0.722,100.005,4
spotify:track:53SSnDsAYRJX0dVtnyJbwX,"FINGERTIP","THE AWAKENING","GFRIEND",2017-03-06,210102,49,false,1217054613,2025-04-30T11:39:54Z,"k-pop","SOURCE MUSIC",0.704,0.968,7,-1.452,0,0.0715,0.0604,0,0.148,0.786,122.006,4
spotify:track:2ngmiq1KoYn3x25VOmvd8F,"DNA","Love Yourself 結 'Answer'","BTS",2018-08-24,223122,74,false,1217054613,2025-04-30T11:40:14Z,"k-pop","BIGHIT MUSIC",0.599,0.775,1,-3.997,0,0.0542,0.022,0,0.0669,0.703,129.817,4
spotify:track:2oz1IdtKdmIQmk8XdZa8F0,"Yes I Am","Purple","MAMAMOO",2017-06-22,211660,48,false,1217054613,2025-04-30T11:40:02Z,"k-pop","㈜RBW",0.737,0.894,0,-2.778,1,0.25,0.141,0,0.0518,0.655,120.08,4
spotify:track:3y7ByLZ05tluscOTRgEJ9Y,"Palette (feat. G-DRAGON)","Palette","IU;G-DRAGON",2017-04-21,217412,62,false,1217054613,2025-04-30T11:40:23Z,"k-pop,k-ballad,k-rap","Fave Entertainment",0.804,0.68,0,-3.81,1,0.2,0.458,0,0.102,0.62,102.013,4
spotify:track:7nKQ5WAcjnG48knyLuo8gO,"Red Flavor","The Red Summer - Summer Mini Album","Red Velvet",2017-07-09,191139,66,false,1217054613,2025-04-30T11:41:03Z,"k-pop","SM Entertainment",0.709,0.917,9,-3.315,1,0.189,0.0409,0,0.0839,0.515,125.042,4
spotify:track:5EzitieoPnjyKHAq0gfRMa,"Ko Ko Bop","THE WAR - The 4th Album","EXO",2017-07-18,190422,63,false,1217054613,2025-04-30T11:41:18Z,"k-pop","SM Entertainment",0.749,0.85,0,-4.346,1,0.0468,0.0319,0.0000481,0.0678,0.672,145.983,4
spotify:track:0jFHMDRXxKaREor3hBEEST,"Gashina","SUNMI SPECIAL EDITION [Gashina]","SUNMI",2017-08-22,180000,61,false,1217054613,2025-04-30T11:49:41Z,"k-pop","Makeus Entertainment, The Black Label",0.722,0.833,6,-3.915,1,0.094,0.0556,0,0.195,0.53,93.941,4
spotify:track:01380RE6UfsPSdiUIwrCoH,"MIC Drop (Steve Aoki Remix) (Full Length Edition)","Love Yourself 結 'Answer'","BTS;Steve Aoki",2018-08-24,307675,74,false,1217054613,2025-04-30T11:50:27Z,"k-pop,electro house,edm","BIGHIT MUSIC",0.606,0.85,11,-3.952,1,0.183,0.0114,0.00000101,0.206,0.542,170.01,4
spotify:track:0IEVKWduAaMcZepZQVr80T,"Likey","Twicetagram","TWICE",2017-10-30,207813,68,false,1217054613,2025-04-30T11:50:48Z,"k-pop","Republic Records - TWICE",0.723,0.903,4,-1.262,0,0.033,0.413,0.000377,0.118,0.443,132.006,4
spotify:track:5uAixcGa446kHFJ8ZSYcjm,"She`s a Baby","She`s a Baby","ZICO",2017-04-13,164980,42,false,1217054613,2025-04-30T11:51:02Z,"k-rap,k-pop","Beyond Music",0.746,0.441,11,-10.032,1,0.454,0.556,0,0.117,0.368,76.933,4
spotify:track:6CdUgvL597jWmW4w8P5kHs,"Fine","My Voice - The 1st Album","TAEYEON",2017-02-28,209157,65,false,1217054613,2025-04-30T11:51:15Z,"k-pop,k-ballad","SM Entertainment",0.36,0.565,7,-4.898,1,0.0608,0.358,0,0.0448,0.311,173.281,4
spotify:track:2pSOUHBQXkN3fS2TAJHhfR,"Hobgoblin","CRYSTYLE","CLC",2017-01-17,210478,51,false,1217054613,2025-04-30T11:51:30Z,"k-pop","CUBE ENTERTAINMENT",0.621,0.873,11,-2.888,0,0.103,0.0194,0,0.488,0.401,169.91,4
spotify:track:5vOT8VO87TAnUjh0oADwb1,"Go Go","Love Yourself 承 'Her'","BTS",2017-09-18,235779,70,false,1217054613,2025-04-30T11:55:09Z,"k-pop","BIGHIT MUSIC",0.856,0.617,10,-5.308,0,0.084,0.171,0,0.0857,0.759,136.081,4
spotify:track:6SQUopvuZyrWYjYayxxSXl,"Rollin'","Rollin'","Brave Girls",2017-03-07,197746,60,false,1217054613,2025-05-08T00:17:06Z,"k-pop","브레이브 엔터테인먼트",0.691,0.859,1,-4.118,1,0.112,0.0302,0,0.165,0.541,124.958,4
spotify:track:3o8QzWsiiqTUVgBZfHgF58,"Cherry Bomb","NCT #127 CHERRY BOMB - The 3rd Mini Album","NCT 127",2017-06-14,236667,62,false,1217054613,2025-04-30T11:51:38Z,"k-pop,noise music","SM Entertainment",0.713,0.603,6,-4.896,0,0.287,0.000759,0.00000551,0.0453,0.799,78.027,4
spotify:track:7mKXEaBVWuV0dMqN0gaCBm,"Hellevator","Mixtape","Stray Kids",2018-01-08,240000,56,false,1217054613,2025-04-30T11:51:54Z,"k-pop,noise music","Republic Records - Stray Kids",0.515,0.816,10,-2.33,1,0.165,0.00816,0,0.35,0.288,78.17,4
spotify:track:3wyrhwPpV8uhMMEms4vG3X,"Not Today","You Never Walk Alone","BTS",2017-02-13,231859,72,false,1217054613,2025-04-30T11:52:23Z,"k-pop","BIGHIT MUSIC",0.593,0.945,8,-3.408,1,0.126,0.00174,0,0.923,0.674,110.023,4
spotify:track:42tFTth2jcF7iSo0RBjfJF,"Peek-A-Boo","Perfect Velvet - The 2nd Album","Red Velvet",2017-11-17,189049,65,false,1217054613,2025-04-30T11:52:45Z,"k-pop","SM Entertainment",0.839,0.902,1,-3.612,0,0.0536,0.0868,0.00257,0.272,0.639,114.953,4
spotify:track:3NkkcnnKrNHv4AiGaPdD76,"Energetic","1-1=0 (NOTHING WITHOUT YOU)","Wanna One",2017-11-13,189355,63,false,1217054613,2025-04-30T11:53:06Z,"k-pop","CJ E&M MUSIC",0.714,0.886,0,-3.076,1,0.0461,0.058,0,0.112,0.752,125.046,4
spotify:track:4iJyTp1KwCeBKhf7h0SwsD,"REALLY REALLY","FATE NUMBER FOR","WINNER",2017-04-04,203056,61,false,1217054613,2025-04-30T11:53:16Z,"k-pop","YG Entertainment",0.765,0.77,2,-3.16,1,0.0592,0.167,0,0.0854,0.581,103.005,4
spotify:track:52FCAZn0YEkZfF0BtiAUMW,"Heart Shaker","Merry & Happy","TWICE",2017-12-11,186893,64,false,1217054613,2025-04-30T11:55:32Z,"k-pop","Republic Records - TWICE",0.564,0.944,8,-0.532,1,0.0647,0.105,0,0.154,0.857,164.062,4
spotify:track:3eHkFA3StDR9BU7EVrUFLs,"WINE (Feat.Changmo) (Prod. SUGA)","WINE","SURAN;CHANGMO",2017-04-27,232194,53,false,1217054613,2025-04-30T11:55:19Z,"k-pop,k-rap","Million Market,Inc",0.62,0.644,4,-2.713,0,0.0447,0.314,0,0.105,0.502,145.87,4
